ID,propLC,,
"arkansas,baxter",0.273653605,,
"arkansas,clay",0.806949856,,
"arkansas,fulton",0.454855279,,
"arkansas,marion",0.110865445,,
"arkansas,randolph",0.36443287,,
"arkansas,sharp",0.313734653,,
"colorado,adams",0.903735914,,
"colorado,alamosa",0.887665717,,
"colorado,arapahoe",0.861701908,,
"colorado,archuleta",0.366114171,,
"colorado,baca",0.993057105,,
"colorado,bent",0.98424909,,
"colorado,boulder",0.443127513,,
"colorado,chaffee",0.532883488,,
"colorado,cheyenne",0.99782895,,
"colorado,clear creek",0.367221621,,
"colorado,conejos",0.686970671,,
"colorado,costilla",0.695135179,,
"colorado,crowley",0.984652622,,
"colorado,custer",0.574730211,,
"colorado,delta",0.565651416,,
"colorado,denver",0.354308105,,
"colorado,dolores",0.242631301,,
"colorado,douglas",0.63248927,,
"colorado,eagle",0.409278112,,
"colorado,elbert",0.969958322,,
"colorado,el paso",0.809494942,,
"colorado,fremont",0.483355137,,
"colorado,garfield",0.430156059,,
"colorado,gilpin",0.216585635,,
"colorado,grand",0.440805098,,
"colorado,gunnison",0.420880098,,
"colorado,hinsdale",0.442086192,,
"colorado,huerfano",0.710651929,,
"colorado,jackson",0.583639743,,
"colorado,jefferson",0.385357547,,
"colorado,kiowa",0.994681325,,
"colorado,kit carson",0.995954305,,
"colorado,lake",0.507589274,,
"colorado,la plata",0.447301019,,
"colorado,larimer",0.484857962,,
"colorado,las animas",0.804058292,,
"colorado,lincoln",0.99769432,,
"colorado,logan",0.980112543,,
"colorado,mesa",0.449605697,,
"colorado,mineral",0.338579609,,
"colorado,moffat",0.82297113,,
"colorado,montezuma",0.3105563,,
"colorado,montrose",0.422552597,,
"colorado,morgan",0.972016908,,
"colorado,otero",0.982768904,,
"colorado,ouray",0.280057689,,
"colorado,park",0.600843098,,
"colorado,phillips",0.995289016,,
"colorado,pitkin",0.368252124,,
"colorado,prowers",0.984119855,,
"colorado,pueblo",0.918305529,,
"colorado,rio blanco",0.440463314,,
"colorado,rio grande",0.600396949,,
"colorado,routt",0.426988456,,
"colorado,saguache",0.611670973,,
"colorado,san juan",0.563012458,,
"colorado,san miguel",0.367565693,,
"colorado,sedgwick",0.980303343,,
"colorado,summit",0.425786387,,
"colorado,teller",0.398003334,,
"colorado,washington",0.995544142,,
"colorado,weld",0.968836113,,
"colorado,yuma",0.992423301,,
"connecticut,fairfield",0.208316886,,
"connecticut,hartford",0.215224638,,
"connecticut,litchfield",0.151567388,,
"connecticut,middlesex",0.152474465,,
"connecticut,new haven",0.185267892,,
"connecticut,new london",0.147753572,,
"connecticut,tolland",0.165033244,,
"connecticut,windham",0.154242213,,
"delaware,kent",0.630330885,,
"delaware,new castle",0.460272051,,
"delaware,sussex",0.553226062,,
"district of columbia,washington",0.160770201,,
"illinois,adams",0.694043547,,
"illinois,alexander",0.440059453,,
"illinois,bond",0.745986002,,
"illinois,boone",0.842744394,,
"illinois,brown",0.544001664,,
"illinois,bureau",0.86131736,,
"illinois,calhoun",0.372317055,,
"illinois,carroll",0.777588356,,
"illinois,cass",0.729478988,,
"illinois,champaign",0.898340457,,
"illinois,christian",0.888713595,,
"illinois,clark",0.713276655,,
"illinois,clay",0.756360809,,
"illinois,clinton",0.721960923,,
"illinois,coles",0.805833026,,
"illinois,cook",0.128618875,,
"illinois,crawford",0.734333062,,
"illinois,cumberland",0.765158627,,
"illinois,dekalb",0.898537678,,
"illinois,de witt",0.868395843,,
"illinois,douglas",0.917433677,,
"illinois,dupage",0.219491976,,
"illinois,edgar",0.879316597,,
"illinois,edwards",0.807328796,,
"illinois,effingham",0.728863691,,
"illinois,fayette",0.687134214,,
"illinois,ford",0.948459918,,
"illinois,franklin",0.646960486,,
"illinois,fulton",0.607057776,,
"illinois,gallatin",0.723604312,,
"illinois,greene",0.71704934,,
"illinois,grundy",0.820680583,,
"illinois,hamilton",0.758429103,,
"illinois,hancock",0.759625876,,
"illinois,hardin",0.262947947,,
"illinois,henderson",0.734483805,,
"illinois,henry",0.884184489,,
"illinois,iroquois",0.930469846,,
"illinois,jackson",0.491728028,,
"illinois,jasper",0.804550834,,
"illinois,jefferson",0.632438297,,
"illinois,jersey",0.59431482,,
"illinois,jo daviess",0.679783465,,
"illinois,johnson",0.392209503,,
"illinois,kane",0.638328869,,
"illinois,kankakee",0.861494958,,
"illinois,kendall",0.802546085,,
"illinois,knox",0.755898583,,
"illinois,lake",0.374439824,,
"illinois,lasalle",0.844779786,,
"illinois,lawrence",0.781637361,,
"illinois,lee",0.894915823,,
"illinois,livingston",0.93554831,,
"illinois,logan",0.91662604,,
"illinois,mcdonough",0.806196524,,
"illinois,mchenry",0.693699224,,
"illinois,mclean",0.899753983,,
"illinois,macon",0.83615499,,
"illinois,macoupin",0.730033804,,
"illinois,madison",0.621077888,,
"illinois,marion",0.673702603,,
"illinois,marshall",0.801172223,,
"illinois,mason",0.805034997,,
"illinois,massac",0.649044501,,
"illinois,menard",0.836643344,,
"illinois,mercer",0.827431255,,
"illinois,monroe",0.611048493,,
"illinois,montgomery",0.804694716,,
"illinois,morgan",0.799261976,,
"illinois,moultrie",0.855778176,,
"illinois,ogle",0.840996577,,
"illinois,peoria",0.620805008,,
"illinois,perry",0.690041973,,
"illinois,piatt",0.931221867,,
"illinois,pike",0.664054483,,
"illinois,pope",0.265400055,,
"illinois,pulaski",0.647606452,,
"illinois,putnam",0.664201907,,
"illinois,randolph",0.63450662,,
"illinois,richland",0.792881414,,
"illinois,rock island",0.591291295,,
"illinois,st. clair",0.628319905,,
"illinois,saline",0.651144768,,
"illinois,sangamon",0.790561589,,
"illinois,schuyler",0.561821825,,
"illinois,scott",0.726340067,,
"illinois,shelby",0.807670251,,
"illinois,stark",0.924094356,,
"illinois,stephenson",0.880027384,,
"illinois,tazewell",0.770166931,,
"illinois,union",0.405185779,,
"illinois,vermilion",0.851471296,,
"illinois,wabash",0.825656731,,
"illinois,warren",0.878644838,,
"illinois,washington",0.798828036,,
"illinois,wayne",0.802523535,,
"illinois,white",0.798055902,,
"illinois,whiteside",0.842840996,,
"illinois,will",0.609765269,,
"illinois,williamson",0.459311195,,
"illinois,winnebago",0.662043123,,
"illinois,woodford",0.803137872,,
"indiana,adams",0.888663318,,
"indiana,allen",0.703889499,,
"indiana,bartholomew",0.655582703,,
"indiana,benton",0.959304449,,
"indiana,blackford",0.867533228,,
"indiana,boone",0.880109414,,
"indiana,brown",0.129264438,,
"indiana,carroll",0.855833383,,
"indiana,cass",0.824041926,,
"indiana,clark",0.454973069,,
"indiana,clay",0.653231704,,
"indiana,clinton",0.915650639,,
"indiana,crawford",0.25782502,,
"indiana,daviess",0.762725684,,
"indiana,dearborn",0.392376601,,
"indiana,decatur",0.777218305,,
"indiana,dekalb",0.774641034,,
"indiana,delaware",0.810363439,,
"indiana,dubois",0.574987216,,
"indiana,elkhart",0.672997425,,
"indiana,fayette",0.671805516,,
"indiana,floyd",0.383771471,,
"indiana,fountain",0.778482281,,
"indiana,franklin",0.467094802,,
"indiana,fulton",0.856055744,,
"indiana,gibson",0.764226107,,
"indiana,grant",0.841361376,,
"indiana,greene",0.492393888,,
"indiana,hamilton",0.68928237,,
"indiana,hancock",0.85437865,,
"indiana,harrison",0.470368158,,
"indiana,hendricks",0.74559731,,
"indiana,henry",0.844633638,,
"indiana,howard",0.831288543,,
"indiana,huntington",0.804008663,,
"indiana,jackson",0.573635827,,
"indiana,jasper",0.848232622,,
"indiana,jay",0.870865981,,
"indiana,jefferson",0.418521177,,
"indiana,jennings",0.509647949,,
"indiana,johnson",0.69861214,,
"indiana,knox",0.822001064,,
"indiana,kosciusko",0.771257588,,
"indiana,lagrange",0.728392833,,
"indiana,lake",0.514715091,,
"indiana,laporte",0.711487199,,
"indiana,lawrence",0.454642758,,
"indiana,madison",0.83108318,,
"indiana,marion",0.31571233,,
"indiana,marshall",0.789481035,,
"indiana,martin",0.262847963,,
"indiana,miami",0.817776398,,
"indiana,monroe",0.252073385,,
"indiana,montgomery",0.860332089,,
"indiana,morgan",0.51544608,,
"indiana,newton",0.849835995,,
"indiana,noble",0.724790293,,
"indiana,ohio",0.393835345,,
"indiana,orange",0.38954645,,
"indiana,owen",0.360204579,,
"indiana,parke",0.556019867,,
"indiana,perry",0.259109297,,
"indiana,pike",0.512442454,,
"indiana,porter",0.647790148,,
"indiana,posey",0.735180819,,
"indiana,pulaski",0.836829008,,
"indiana,putnam",0.614488209,,
"indiana,randolph",0.894819395,,
"indiana,ripley",0.519611567,,
"indiana,rush",0.908866055,,
"indiana,st joseph",0.644595746,,
"indiana,scott",0.49787813,,
"indiana,shelby",0.877695742,,
"indiana,spencer",0.665390278,,
"indiana,starke",0.72118009,,
"indiana,steuben",0.634325295,,
"indiana,sullivan",0.669443468,,
"indiana,switzerland",0.355333594,,
"indiana,tippecanoe",0.765977278,,
"indiana,tipton",0.941152521,,
"indiana,union",0.741900037,,
"indiana,vanderburgh",0.551494728,,
"indiana,vermillion",0.685349508,,
"indiana,vigo",0.585149521,,
"indiana,wabash",0.794646093,,
"indiana,warren",0.825822423,,
"indiana,warrick",0.536738108,,
"indiana,washington",0.527055929,,
"indiana,wayne",0.762330653,,
"indiana,wells",0.888594549,,
"indiana,white",0.89304903,,
"indiana,whitley",0.803679223,,
"iowa,adair",0.938946814,,
"iowa,adams",0.893931299,,
"iowa,allamakee",0.568440952,,
"iowa,appanoose",0.688144518,,
"iowa,audubon",0.965163675,,
"iowa,benton",0.902379127,,
"iowa,black hawk",0.831387237,,
"iowa,boone",0.868767901,,
"iowa,bremer",0.869083397,,
"iowa,buchanan",0.905698678,,
"iowa,buena vista",0.947302948,,
"iowa,butler",0.91693678,,
"iowa,calhoun",0.969021075,,
"iowa,carroll",0.959319972,,
"iowa,cass",0.942255837,,
"iowa,cedar",0.890954564,,
"iowa,cerro gordo",0.913615738,,
"iowa,cherokee",0.951234585,,
"iowa,chickasaw",0.915421956,,
"iowa,clarke",0.76738106,,
"iowa,clay",0.95262589,,
"iowa,clayton",0.659192006,,
"iowa,clinton",0.86576696,,
"iowa,crawford",0.9587802,,
"iowa,dallas",0.836183799,,
"iowa,davis",0.735791526,,
"iowa,decatur",0.729427383,,
"iowa,delaware",0.867296514,,
"iowa,des moines",0.692702065,,
"iowa,dickinson",0.893564718,,
"iowa,dubuque",0.746041095,,
"iowa,emmet",0.944879157,,
"iowa,fayette",0.858249095,,
"iowa,floyd",0.913361595,,
"iowa,franklin",0.954081737,,
"iowa,fremont",0.877004015,,
"iowa,greene",0.947410002,,
"iowa,grundy",0.967927158,,
"iowa,guthrie",0.866243776,,
"iowa,hamilton",0.938750468,,
"iowa,hancock",0.966287503,,
"iowa,hardin",0.921003085,,
"iowa,harrison",0.870384296,,
"iowa,henry",0.781804129,,
"iowa,howard",0.931202586,,
"iowa,humboldt",0.942471306,,
"iowa,ida",0.978761276,,
"iowa,iowa",0.870353121,,
"iowa,jackson",0.692436111,,
"iowa,jasper",0.906425298,,
"iowa,jefferson",0.773090868,,
"iowa,johnson",0.782278954,,
"iowa,jones",0.819950282,,
"iowa,keokuk",0.856330989,,
"iowa,kossuth",0.968145207,,
"iowa,lee",0.644942587,,
"iowa,linn",0.760842194,,
"iowa,louisa",0.747044127,,
"iowa,lucas",0.709445421,,
"iowa,lyon",0.974006438,,
"iowa,madison",0.804105253,,
"iowa,mahaska",0.860408181,,
"iowa,marion",0.700470122,,
"iowa,marshall",0.917494175,,
"iowa,mills",0.876138605,,
"iowa,mitchell",0.926482723,,
"iowa,monona",0.872305174,,
"iowa,monroe",0.649550293,,
"iowa,montgomery",0.914607067,,
"iowa,muscatine",0.77029044,,
"iowa,o'brien",0.972133682,,
"iowa,osceola",0.976157963,,
"iowa,page",0.908742025,,
"iowa,palo alto",0.959541994,,
"iowa,plymouth",0.958221393,,
"iowa,pocahontas",0.95847745,,
"iowa,polk",0.652611519,,
"iowa,pottawattamie",0.887876178,,
"iowa,poweshiek",0.929755819,,
"iowa,ringgold",0.860107687,,
"iowa,sac",0.963731035,,
"iowa,scott",0.758887166,,
"iowa,shelby",0.965853353,,
"iowa,sioux",0.96520305,,
"iowa,story",0.902851758,,
"iowa,tama",0.896335473,,
"iowa,taylor",0.868310903,,
"iowa,union",0.853488174,,
"iowa,van buren",0.650345869,,
"iowa,wapello",0.715152824,,
"iowa,warren",0.747318959,,
"iowa,washington",0.837488086,,
"iowa,wayne",0.841096125,,
"iowa,webster",0.891290654,,
"iowa,winnebago",0.964164662,,
"iowa,winneshiek",0.813062906,,
"iowa,woodbury",0.903068693,,
"iowa,worth",0.949387746,,
"iowa,wright",0.951306892,,
"kansas,allen",0.839342401,,
"kansas,anderson",0.853600151,,
"kansas,atchison",0.818258487,,
"kansas,barber",0.961508763,,
"kansas,barton",0.948374452,,
"kansas,bourbon",0.784802327,,
"kansas,brown",0.902249868,,
"kansas,butler",0.897119319,,
"kansas,chase",0.945478516,,
"kansas,chautauqua",0.777945717,,
"kansas,cherokee",0.810092887,,
"kansas,cheyenne",0.992547569,,
"kansas,clark",0.992316913,,
"kansas,clay",0.911475098,,
"kansas,cloud",0.932127576,,
"kansas,coffey",0.845104226,,
"kansas,comanche",0.989026774,,
"kansas,cowley",0.89002241,,
"kansas,crawford",0.824835148,,
"kansas,decatur",0.985114606,,
"kansas,dickinson",0.924536495,,
"kansas,doniphan",0.802990231,,
"kansas,douglas",0.676459443,,
"kansas,edwards",0.985510662,,
"kansas,elk",0.850318555,,
"kansas,ellis",0.95915183,,
"kansas,ellsworth",0.944322888,,
"kansas,finney",0.985755662,,
"kansas,ford",0.979539897,,
"kansas,franklin",0.789954593,,
"kansas,geary",0.778756742,,
"kansas,gove",0.992332274,,
"kansas,graham",0.973681142,,
"kansas,grant",0.990434125,,
"kansas,gray",0.994071929,,
"kansas,greeley",0.997686157,,
"kansas,greenwood",0.901659979,,
"kansas,hamilton",0.986930241,,
"kansas,harper",0.969256903,,
"kansas,harvey",0.923642384,,
"kansas,haskell",0.993545274,,
"kansas,hodgeman",0.992791155,,
"kansas,jackson",0.839908043,,
"kansas,jefferson",0.694440248,,
"kansas,jewell",0.934382626,,
"kansas,johnson",0.538633079,,
"kansas,kearny",0.990476704,,
"kansas,kingman",0.954217329,,
"kansas,kiowa",0.989665459,,
"kansas,labette",0.848782984,,
"kansas,lane",0.993565819,,
"kansas,leavenworth",0.660318224,,
"kansas,lincoln",0.957940048,,
"kansas,linn",0.701219911,,
"kansas,logan",0.995266829,,
"kansas,lyon",0.897134721,,
"kansas,mcpherson",0.937371463,,
"kansas,marion",0.930567998,,
"kansas,marshall",0.89651086,,
"kansas,meade",0.991415926,,
"kansas,miami",0.744424847,,
"kansas,mitchell",0.924488693,,
"kansas,montgomery",0.750424932,,
"kansas,morris",0.928187211,,
"kansas,morton",0.993409352,,
"kansas,nemaha",0.904657198,,
"kansas,neosho",0.821559939,,
"kansas,ness",0.989621257,,
"kansas,norton",0.968921707,,
"kansas,osage",0.822445566,,
"kansas,osborne",0.955732007,,
"kansas,ottawa",0.94600174,,
"kansas,pawnee",0.98177709,,
"kansas,phillips",0.945503669,,
"kansas,pottawatomie",0.839097825,,
"kansas,pratt",0.977410158,,
"kansas,rawlins",0.989871594,,
"kansas,reno",0.922767436,,
"kansas,republic",0.935842522,,
"kansas,rice",0.960029436,,
"kansas,riley",0.782202752,,
"kansas,rooks",0.946730287,,
"kansas,rush",0.982583563,,
"kansas,russell",0.949539049,,
"kansas,saline",0.916155676,,
"kansas,scott",0.991229893,,
"kansas,sedgwick",0.790144664,,
"kansas,seward",0.982680794,,
"kansas,shawnee",0.71847998,,
"kansas,sheridan",0.99062035,,
"kansas,sherman",0.995169554,,
"kansas,smith",0.952039056,,
"kansas,stafford",0.967841468,,
"kansas,stanton",0.995894828,,
"kansas,stevens",0.994881068,,
"kansas,sumner",0.943994673,,
"kansas,thomas",0.993486777,,
"kansas,trego",0.977977705,,
"kansas,wabaunsee",0.919388785,,
"kansas,wallace",0.996985472,,
"kansas,washington",0.927970354,,
"kansas,wichita",0.995273705,,
"kansas,wilson",0.794562245,,
"kansas,woodson",0.835168852,,
"kansas,wyandotte",0.394583896,,
"kentucky,adair",0.457042645,,
"kentucky,allen",0.483230953,,
"kentucky,anderson",0.430462969,,
"kentucky,ballard",0.62629788,,
"kentucky,barren",0.670518743,,
"kentucky,bath",0.489028536,,
"kentucky,bell",0.14042565,,
"kentucky,boone",0.393587718,,
"kentucky,bourbon",0.884473942,,
"kentucky,boyd",0.201726667,,
"kentucky,boyle",0.658940263,,
"kentucky,bracken",0.335819284,,
"kentucky,breathitt",0.106615841,,
"kentucky,breckinridge",0.44531052,,
"kentucky,bullitt",0.279303694,,
"kentucky,butler",0.365727962,,
"kentucky,caldwell",0.507211683,,
"kentucky,calloway",0.543578807,,
"kentucky,campbell",0.315833977,,
"kentucky,carlisle",0.662468399,,
"kentucky,carroll",0.339297203,,
"kentucky,carter",0.196527429,,
"kentucky,casey",0.375762214,,
"kentucky,christian",0.575166391,,
"kentucky,clark",0.697235122,,
"kentucky,clay",0.12097519,,
"kentucky,clinton",0.378741612,,
"kentucky,crittenden",0.435522409,,
"kentucky,cumberland",0.209652033,,
"kentucky,daviess",0.694924729,,
"kentucky,edmonson",0.320975865,,
"kentucky,elliott",0.166860148,,
"kentucky,estill",0.207381912,,
"kentucky,fayette",0.690639671,,
"kentucky,fleming",0.568550827,,
"kentucky,floyd",0.116816537,,
"kentucky,franklin",0.474845299,,
"kentucky,fulton",0.740868451,,
"kentucky,gallatin",0.355847485,,
"kentucky,garrard",0.618246521,,
"kentucky,grant",0.405751543,,
"kentucky,graves",0.698946067,,
"kentucky,grayson",0.440744655,,
"kentucky,green",0.546790014,,
"kentucky,greenup",0.222843018,,
"kentucky,hancock",0.394429163,,
"kentucky,hardin",0.488028767,,
"kentucky,harlan",0.095943871,,
"kentucky,harrison",0.622865826,,
"kentucky,hart",0.426328468,,
"kentucky,henderson",0.721889171,,
"kentucky,henry",0.580867595,,
"kentucky,hickman",0.730597327,,
"kentucky,hopkins",0.450227777,,
"kentucky,jackson",0.213776724,,
"kentucky,jefferson",0.275196495,,
"kentucky,jessamine",0.689502836,,
"kentucky,johnson",0.1210366,,
"kentucky,kenton",0.357153556,,
"kentucky,knott",0.139116945,,
"kentucky,knox",0.192359561,,
"kentucky,larue",0.603929385,,
"kentucky,laurel",0.343121689,,
"kentucky,lawrence",0.112053994,,
"kentucky,lee",0.147228157,,
"kentucky,leslie",0.109858106,,
"kentucky,letcher",0.136925987,,
"kentucky,lewis",0.205287163,,
"kentucky,lincoln",0.606843875,,
"kentucky,livingston",0.44721642,,
"kentucky,logan",0.680207202,,
"kentucky,lyon",0.267117865,,
"kentucky,mccracken",0.506544156,,
"kentucky,mccreary",0.087694399,,
"kentucky,mclean",0.738371167,,
"kentucky,madison",0.567728684,,
"kentucky,magoffin",0.124242506,,
"kentucky,marion",0.570168223,,
"kentucky,marshall",0.425011882,,
"kentucky,martin",0.186523088,,
"kentucky,mason",0.59872972,,
"kentucky,meade",0.4594392,,
"kentucky,menifee",0.159627999,,
"kentucky,mercer",0.695673344,,
"kentucky,metcalfe",0.484252893,,
"kentucky,monroe",0.513273893,,
"kentucky,montgomery",0.648381915,,
"kentucky,morgan",0.189243554,,
"kentucky,muhlenberg",0.407829315,,
"kentucky,nelson",0.517038086,,
"kentucky,nicholas",0.523454743,,
"kentucky,ohio",0.410872049,,
"kentucky,oldham",0.471986315,,
"kentucky,owen",0.396321531,,
"kentucky,owsley",0.142589902,,
"kentucky,pendleton",0.370643212,,
"kentucky,perry",0.191903789,,
"kentucky,pike",0.147848898,,
"kentucky,powell",0.206454843,,
"kentucky,pulaski",0.402282387,,
"kentucky,robertson",0.353318599,,
"kentucky,rockcastle",0.258141971,,
"kentucky,rowan",0.162529952,,
"kentucky,russell",0.419584508,,
"kentucky,scott",0.633177789,,
"kentucky,shelby",0.679185171,,
"kentucky,simpson",0.835628033,,
"kentucky,spencer",0.489228903,,
"kentucky,taylor",0.505809406,,
"kentucky,todd",0.684599866,,
"kentucky,trigg",0.340789468,,
"kentucky,trimble",0.31691354,,
"kentucky,union",0.737256965,,
"kentucky,warren",0.616728296,,
"kentucky,washington",0.585770346,,
"kentucky,wayne",0.250067063,,
"kentucky,webster",0.620191486,,
"kentucky,whitley",0.23021214,,
"kentucky,wolfe",0.173015468,,
"kentucky,woodford",0.794212149,,
"maine,androscoggin",0.185651907,,
"maine,aroostook",0.140545191,,
"maine,cumberland",0.163449884,,
"maine,franklin",0.110989121,,
"maine,kennebec",0.126605408,,
"maine,oxford",0.103873769,,
"maine,piscataquis",0.104781136,,
"maine,somerset",0.151475635,,
"maine,york",0.15452325,,
"maryland,allegany",0.174059375,,
"maryland,anne arundel",0.259205804,,
"maryland,baltimore",0.393371558,,
"maryland,calvert",0.291077008,,
"maryland,caroline",0.630901273,,
"maryland,carroll",0.646958404,,
"maryland,cecil",0.502811807,,
"maryland,charles",0.210648201,,
"maryland,dorchester",0.499228483,,
"maryland,frederick",0.554547513,,
"maryland,garrett",0.25701538,,
"maryland,harford",0.45712491,,
"maryland,howard",0.447503567,,
"maryland,kent",0.669912212,,
"maryland,montgomery",0.440656578,,
"maryland,prince georges",0.253281583,,
"maryland,queen annes",0.650466128,,
"maryland,st. marys",0.313112535,,
"maryland,somerset",0.434094672,,
"maryland,talbot",0.562938055,,
"maryland,washington",0.496518669,,
"maryland,wicomico",0.458396464,,
"maryland,worcester",0.370236161,,
"maryland,baltimore city",0.180409221,,
"massachusetts,berkshire",0.127732758,,
"massachusetts,bristol",0.151498581,,
"massachusetts,essex",0.183024344,,
"massachusetts,franklin",0.124046005,,
"massachusetts,hampden",0.141964331,,
"massachusetts,hampshire",0.15317753,,
"massachusetts,middlesex",0.144642225,,
"massachusetts,norfolk",0.149117332,,
"massachusetts,plymouth",0.173256636,,
"massachusetts,suffolk",0.074526405,,
"massachusetts,worcester",0.135638104,,
"michigan,alcona",0.176614077,,
"michigan,alger",0.096160414,,
"michigan,allegan",0.535785524,,
"michigan,alpena",0.257694398,,
"michigan,antrim",0.304615596,,
"michigan,arenac",0.38761775,,
"michigan,baraga",0.087186486,,
"michigan,barry",0.494207496,,
"michigan,bay",0.657162648,,
"michigan,benzie",0.253475793,,
"michigan,berrien",0.563348628,,
"michigan,branch",0.682106375,,
"michigan,calhoun",0.570507323,,
"michigan,cass",0.573351567,,
"michigan,charlevoix",0.274185811,,
"michigan,cheboygan",0.180103989,,
"michigan,chippewa",0.212676023,,
"michigan,clare",0.284026669,,
"michigan,clinton",0.729982783,,
"michigan,crawford",0.262295384,,
"michigan,delta",0.147111365,,
"michigan,dickinson",0.116031503,,
"michigan,eaton",0.666576226,,
"michigan,emmet",0.242730966,,
"michigan,genesee",0.493089004,,
"michigan,gladwin",0.275118223,,
"michigan,gogebic",0.059398261,,
"michigan,grand traverse",0.350139979,,
"michigan,gratiot",0.766902324,,
"michigan,hillsdale",0.665143088,,
"michigan,houghton",0.114684972,,
"michigan,huron",0.783553771,,
"michigan,ingham",0.595995443,,
"michigan,ionia",0.689579455,,
"michigan,iosco",0.223085999,,
"michigan,iron",0.088630431,,
"michigan,isabella",0.602340061,,
"michigan,jackson",0.493981665,,
"michigan,kalamazoo",0.48277829,,
"michigan,kalkaska",0.278316274,,
"michigan,kent",0.429211947,,
"michigan,keweenaw",0.07147839,,
"michigan,lake",0.189336299,,
"michigan,lapeer",0.574025887,,
"michigan,leelanau",0.335583888,,
"michigan,lenawee",0.741879994,,
"michigan,livingston",0.440915414,,
"michigan,luce",0.128332559,,
"michigan,mackinac",0.10996678,,
"michigan,macomb",0.394688808,,
"michigan,manistee",0.283200668,,
"michigan,marquette",0.117858152,,
"michigan,mason",0.367361924,,
"michigan,mecosta",0.417947425,,
"michigan,menominee",0.1789981,,
"michigan,midland",0.320162585,,
"michigan,missaukee",0.333252473,,
"michigan,monroe",0.713079241,,
"michigan,montcalm",0.552842856,,
"michigan,montmorency",0.186925926,,
"michigan,muskegon",0.349044569,,
"michigan,newaygo",0.309286871,,
"michigan,oakland",0.287734789,,
"michigan,oceana",0.408292432,,
"michigan,ogemaw",0.305749141,,
"michigan,ontonagon",0.121424878,,
"michigan,osceola",0.37434037,,
"michigan,oscoda",0.19005577,,
"michigan,otsego",0.270442549,,
"michigan,ottawa",0.5487817,,
"michigan,presque isle",0.235102135,,
"michigan,roscommon",0.165340991,,
"michigan,saginaw",0.638495768,,
"michigan,st. clair",0.557959424,,
"michigan,st joseph",0.659094855,,
"michigan,sanilac",0.77395268,,
"michigan,schoolcraft",0.154295679,,
"michigan,shiawassee",0.731248524,,
"michigan,tuscola",0.670916724,,
"michigan,van buren",0.511206936,,
"michigan,washtenaw",0.508868737,,
"michigan,wayne",0.179601078,,
"michigan,wexford",0.273406818,,
"minnesota,aitkin",0.268236431,,
"minnesota,anoka",0.561098276,,
"minnesota,becker",0.490974285,,
"minnesota,beltrami",0.278294076,,
"minnesota,benton",0.814194745,,
"minnesota,big stone",0.911033058,,
"minnesota,blue earth",0.852557916,,
"minnesota,brown",0.900731628,,
"minnesota,carlton",0.237534215,,
"minnesota,carver",0.742512786,,
"minnesota,cass",0.203552775,,
"minnesota,chippewa",0.959866064,,
"minnesota,chisago",0.644829072,,
"minnesota,clay",0.912539849,,
"minnesota,clearwater",0.411550314,,
"minnesota,cook",0.108736989,,
"minnesota,cottonwood",0.964091779,,
"minnesota,crow wing",0.279554562,,
"minnesota,dakota",0.643242333,,
"minnesota,dodge",0.910155416,,
"minnesota,douglas",0.725757051,,
"minnesota,faribault",0.940519414,,
"minnesota,fillmore",0.759414165,,
"minnesota,freeborn",0.920383285,,
"minnesota,goodhue",0.738859914,,
"minnesota,grant",0.89750293,,
"minnesota,hennepin",0.396231684,,
"minnesota,houston",0.512485242,,
"minnesota,hubbard",0.28136871,,
"minnesota,isanti",0.687645315,,
"minnesota,itasca",0.158550345,,
"minnesota,jackson",0.942979353,,
"minnesota,kanabec",0.473632912,,
"minnesota,kandiyohi",0.82013824,,
"minnesota,kittson",0.853174218,,
"minnesota,koochiching",0.17151396,,
"minnesota,lac qui parle",0.939261639,,
"minnesota,lake",0.063455889,,
"minnesota,lake of the woods",0.28429654,,
"minnesota,le sueur",0.815273607,,
"minnesota,lincoln",0.950778449,,
"minnesota,lyon",0.951525142,,
"minnesota,mcleod",0.882868627,,
"minnesota,mahnomen",0.637597036,,
"minnesota,marshall",0.866207586,,
"minnesota,martin",0.932043754,,
"minnesota,meeker",0.839546219,,
"minnesota,mille lacs",0.44570254,,
"minnesota,morrison",0.631805868,,
"minnesota,mower",0.937332854,,
"minnesota,murray",0.957027773,,
"minnesota,nicollet",0.880961537,,
"minnesota,nobles",0.965685473,,
"minnesota,norman",0.930388832,,
"minnesota,olmsted",0.772020303,,
"minnesota,otter tail",0.670041254,,
"minnesota,pennington",0.900210145,,
"minnesota,pine",0.341062152,,
"minnesota,pipestone",0.976558288,,
"minnesota,polk",0.90147792,,
"minnesota,pope",0.858194296,,
"minnesota,ramsey",0.25708497,,
"minnesota,red lake",0.879248942,,
"minnesota,redwood",0.949156447,,
"minnesota,renville",0.961589375,,
"minnesota,rice",0.795306151,,
"minnesota,rock",0.978365443,,
"minnesota,roseau",0.72488056,,
"minnesota,st. louis",0.142216406,,
"minnesota,scott",0.641649159,,
"minnesota,sherburne",0.648082305,,
"minnesota,sibley",0.902245846,,
"minnesota,stearns",0.788242508,,
"minnesota,steele",0.912521538,,
"minnesota,stevens",0.938412304,,
"minnesota,swift",0.952113376,,
"minnesota,todd",0.693419119,,
"minnesota,traverse",0.942981801,,
"minnesota,wabasha",0.656627417,,
"minnesota,wadena",0.609063406,,
"minnesota,waseca",0.911437901,,
"minnesota,washington",0.554740415,,
"minnesota,watonwan",0.945885994,,
"minnesota,wilkin",0.972193198,,
"minnesota,winona",0.537632525,,
"minnesota,wright",0.705490941,,
"minnesota,yellow medicine",0.951447786,,
"missouri,adair",0.656617696,,
"missouri,andrew",0.785820163,,
"missouri,atchison",0.914715882,,
"missouri,audrain",0.836049439,,
"missouri,barry",0.524708521,,
"missouri,barton",0.822130714,,
"missouri,bates",0.805729204,,
"missouri,benton",0.428741554,,
"missouri,bollinger",0.39975652,,
"missouri,boone",0.508972407,,
"missouri,buchanan",0.695540233,,
"missouri,butler",0.599121207,,
"missouri,caldwell",0.787201485,,
"missouri,callaway",0.493780748,,
"missouri,camden",0.242811305,,
"missouri,cape girardeau",0.604459465,,
"missouri,carroll",0.806831013,,
"missouri,carter",0.141247574,,
"missouri,cass",0.750271449,,
"missouri,cedar",0.535173054,,
"missouri,chariton",0.794970379,,
"missouri,christian",0.470413404,,
"missouri,clark",0.654134471,,
"missouri,clay",0.626515557,,
"missouri,clinton",0.801732942,,
"missouri,cole",0.467332751,,
"missouri,cooper",0.709707311,,
"missouri,crawford",0.262754393,,
"missouri,dade",0.704703979,,
"missouri,dallas",0.481952974,,
"missouri,daviess",0.76591169,,
"missouri,dekalb",0.824788233,,
"missouri,dent",0.307567452,,
"missouri,douglas",0.376359836,,
"missouri,dunklin",0.894279293,,
"missouri,franklin",0.367987345,,
"missouri,gasconade",0.347965277,,
"missouri,gentry",0.792154207,,
"missouri,greene",0.589162676,,
"missouri,grundy",0.779809919,,
"missouri,harrison",0.769305354,,
"missouri,henry",0.690020685,,
"missouri,hickory",0.421352403,,
"missouri,holt",0.853356067,,
"missouri,howard",0.622647091,,
"missouri,howell",0.478766067,,
"missouri,iron",0.148871813,,
"missouri,jackson",0.468673347,,
"missouri,jasper",0.734023081,,
"missouri,jefferson",0.220553288,,
"missouri,johnson",0.735423561,,
"missouri,knox",0.769794645,,
"missouri,laclede",0.437193954,,
"missouri,lafayette",0.799108416,,
"missouri,lawrence",0.763356133,,
"missouri,lewis",0.692063527,,
"missouri,lincoln",0.582116119,,
"missouri,linn",0.776733393,,
"missouri,livingston",0.762857715,,
"missouri,mcdonald",0.435036749,,
"missouri,macon",0.689545084,,
"missouri,madison",0.213358787,,
"missouri,maries",0.43210712,,
"missouri,marion",0.675143034,,
"missouri,mercer",0.694125328,,
"missouri,miller",0.373408141,,
"missouri,mississippi",0.789727479,,
"missouri,moniteau",0.669396271,,
"missouri,monroe",0.698489337,,
"missouri,montgomery",0.587298641,,
"missouri,morgan",0.408946886,,
"missouri,new madrid",0.878931705,,
"missouri,newton",0.621591006,,
"missouri,nodaway",0.860833056,,
"missouri,oregon",0.357651775,,
"missouri,osage",0.419103838,,
"missouri,ozark",0.365096899,,
"missouri,pemiscot",0.961637609,,
"missouri,perry",0.530412813,,
"missouri,pettis",0.770884043,,
"missouri,phelps",0.283217963,,
"missouri,pike",0.620659849,,
"missouri,platte",0.641179564,,
"missouri,polk",0.608370875,,
"missouri,pulaski",0.252809193,,
"missouri,putnam",0.669816854,,
"missouri,ralls",0.671950582,,
"missouri,randolph",0.656075146,,
"missouri,ray",0.73140419,,
"missouri,reynolds",0.133555037,,
"missouri,ripley",0.28437367,,
"missouri,st francois",0.319688693,,
"missouri,st louis city",0.067756817,,
"missouri,ste genevieve",0.326947976,,
"missouri,saline",0.804304128,,
"missouri,schuyler",0.746925732,,
"missouri,scotland",0.76347722,,
"missouri,scott",0.823641798,,
"missouri,shannon",0.18409405,,
"missouri,shelby",0.76585555,,
"missouri,stoddard",0.837412298,,
"missouri,stone",0.336738254,,
"missouri,sullivan",0.697106794,,
"missouri,taney",0.244732285,,
"missouri,texas",0.391050236,,
"missouri,vernon",0.738171901,,
"missouri,warren",0.38198131,,
"missouri,washington",0.18133093,,
"missouri,wayne",0.179410234,,
"missouri,webster",0.535070887,,
"missouri,worth",0.744929446,,
"missouri,wright",0.494213893,,
"nebraska,greeley",0.971417884,,
"nebraska,hall",0.889817033,,
"nebraska,hamilton",0.966908133,,
"nebraska,harlan",0.924823231,,
"nebraska,hayes",0.991597594,,
"nebraska,hitchcock",0.975672855,,
"nebraska,holt",0.958715571,,
"nebraska,hooker",0.992551045,,
"nebraska,howard",0.927334623,,
"nebraska,jefferson",0.920598528,,
"nebraska,johnson",0.886603802,,
"nebraska,kearney",0.973839008,,
"nebraska,keith",0.929796952,,
"nebraska,keya paha",0.890370793,,
"nebraska,kimball",0.99456333,,
"nebraska,knox",0.89813372,,
"nebraska,lancaster",0.831037641,,
"nebraska,lincoln",0.96266887,,
"nebraska,logan",0.992821193,,
"nebraska,loup",0.964528739,,
"nebraska,mcpherson",0.99522733,,
"nebraska,madison",0.933592322,,
"nebraska,merrick",0.906601583,,
"nebraska,morrill",0.975806046,,
"nebraska,nance",0.894072537,,
"nebraska,nemaha",0.870715618,,
"nebraska,nuckolls",0.955318096,,
"nebraska,otoe",0.895539558,,
"nebraska,pawnee",0.883842634,,
"nebraska,perkins",0.995444389,,
"nebraska,phelps",0.972093496,,
"nebraska,pierce",0.967711559,,
"nebraska,platte",0.925853882,,
"nebraska,polk",0.956275812,,
"nebraska,red willow",0.967339195,,
"nebraska,richardson",0.872754323,,
"nebraska,rock",0.954071788,,
"nebraska,saline",0.928646565,,
"nebraska,sarpy",0.676376718,,
"nebraska,saunders",0.93963365,,
"nebraska,scotts bluff",0.935868207,,
"nebraska,seward",0.931409371,,
"nebraska,sheridan",0.94342171,,
"nebraska,sherman",0.951303162,,
"nebraska,sioux",0.976445354,,
"nebraska,stanton",0.936753893,,
"nebraska,thayer",0.951764368,,
"nebraska,thomas",0.974294577,,
"nebraska,thurston",0.894882231,,
"nebraska,valley",0.950085911,,
"nebraska,washington",0.872424386,,
"nebraska,wayne",0.976461975,,
"nebraska,webster",0.955341748,,
"nebraska,wheeler",0.977691654,,
"nebraska,york",0.959772778,,
"new hampshire,belknap",0.126502233,,
"new hampshire,carroll",0.090518713,,
"new hampshire,cheshire",0.120047515,,
"new hampshire,coos",0.12406983,,
"new hampshire,grafton",0.095739646,,
"new hampshire,hillsborough",0.144020954,,
"new hampshire,merrimack",0.135184656,,
"new hampshire,rockingham",0.164246882,,
"new hampshire,strafford",0.163752493,,
"new hampshire,sullivan",0.124755487,,
"new jersey,atlantic",0.255777157,,
"new jersey,bergen",0.298853983,,
"new jersey,burlington",0.265200007,,
"new jersey,camden",0.250800517,,
"new jersey,cape may",0.344504077,,
"new jersey,cumberland",0.417308477,,
"new jersey,essex",0.236009675,,
"new jersey,gloucester",0.391851644,,
"new jersey,hudson",0.090931382,,
"new jersey,hunterdon",0.480039127,,
"new jersey,mercer",0.388437602,,
"new jersey,middlesex",0.258003646,,
"new jersey,monmouth",0.292192569,,
"new jersey,morris",0.253049386,,
"new jersey,ocean",0.170246739,,
"new jersey,passaic",0.142877737,,
"new jersey,salem",0.583273222,,
"new jersey,somerset",0.405599586,,
"new jersey,sussex",0.246261709,,
"new jersey,union",0.238744615,,
"new jersey,warren",0.350626865,,
"new mexico,colfax",0.667355456,,
"new mexico,mckinley",0.986540138,,
"new mexico,mora",0.242444544,,
"new mexico,rio arriba",0.616218365,,
"new mexico,sandoval",0.846388696,,
"new mexico,san juan",0.932461067,,
"new mexico,taos",0.541931311,,
"new mexico,union",0.915425068,,
"new york,albany",0.270862644,,
"new york,allegany",0.281394749,,
"new york,bronx",0.104070957,,
"new york,broome",0.27552181,,
"new york,cattaraugus",0.251114792,,
"new york,cayuga",0.557335703,,
"new york,chautauqua",0.3504582,,
"new york,chemung",0.312537971,,
"new york,chenango",0.30751852,,
"new york,clinton",0.208112483,,
"new york,columbia",0.293520411,,
"new york,cortland",0.391365458,,
"new york,delaware",0.183843438,,
"new york,dutchess",0.249309156,,
"new york,erie",0.36194446,,
"new york,essex",0.06665574,,
"new york,franklin",0.140313994,,
"new york,fulton",0.161472786,,
"new york,genesee",0.60701874,,
"new york,greene",0.139910435,,
"new york,hamilton",0.020938671,,
"new york,herkimer",0.1903511,,
"new york,jefferson",0.458994779,,
"new york,kings",0.033456085,,
"new york,lewis",0.206816088,,
"new york,livingston",0.569944014,,
"new york,madison",0.444617892,,
"new york,monroe",0.489518826,,
"new york,montgomery",0.566763794,,
"new york,nassau",0.191719009,,
"new york,new york",0.060298774,,
"new york,niagara",0.582009841,,
"new york,oneida",0.326577981,,
"new york,onondaga",0.433810249,,
"new york,ontario",0.549508199,,
"new york,orange",0.269052005,,
"new york,orleans",0.625078478,,
"new york,oswego",0.233774853,,
"new york,otsego",0.32195574,,
"new york,putnam",0.128338456,,
"new york,queens",0.060376479,,
"new york,rensselaer",0.24710373,,
"new york,richmond",0.137633935,,
"new york,rockland",0.209559923,,
"new york,st. lawrence",0.215964241,,
"new york,saratoga",0.210179268,,
"new york,schenectady",0.296183161,,
"new york,schoharie",0.296539208,,
"new york,schuyler",0.369594056,,
"new york,seneca",0.542067432,,
"new york,steuben",0.37877859,,
"new york,suffolk",0.277696171,,
"new york,sullivan",0.130560022,,
"new york,tioga",0.349111257,,
"new york,tompkins",0.433733638,,
"new york,ulster",0.138299302,,
"new york,warren",0.056246417,,
"new york,washington",0.326963769,,
"new york,wayne",0.500116023,,
"new york,westchester",0.23161099,,
"new york,wyoming",0.522568511,,
"new york,yates",0.508451702,,
"north carolina,alamance",0.436962287,,
"north carolina,alexander",0.370401852,,
"north carolina,alleghany",0.432801081,,
"north carolina,ashe",0.280109705,,
"north carolina,avery",0.206314262,,
"north carolina,beaufort",0.474935513,,
"north carolina,bertie",0.366844722,,
"north carolina,buncombe",0.150690891,,
"north carolina,burke",0.242746564,,
"north carolina,caldwell",0.209563468,,
"north carolina,camden",0.428124865,,
"north carolina,carteret",0.439751133,,
"north carolina,caswell",0.361982652,,
"north carolina,catawba",0.41556506,,
"north carolina,chatham",0.284399032,,
"north carolina,chowan",0.568652472,,
"north carolina,craven",0.395521293,,
"north carolina,currituck",0.330342831,,
"north carolina,dare",0.11837339,,
"north carolina,davidson",0.367026933,,
"north carolina,davie",0.439598796,,
"north carolina,duplin",0.606573899,,
"north carolina,durham",0.286743578,,
"north carolina,edgecombe",0.501980023,,
"north carolina,forsyth",0.392813847,,
"north carolina,franklin",0.343989193,,
"north carolina,gates",0.360243104,,
"north carolina,granville",0.284612612,,
"north carolina,greene",0.579852679,,
"north carolina,guilford",0.397002348,,
"north carolina,halifax",0.391094423,,
"north carolina,harnett",0.424990983,,
"north carolina,hertford",0.400426173,,
"north carolina,hyde",0.355393959,,
"north carolina,iredell",0.475735953,,
"north carolina,johnston",0.450023288,,
"north carolina,jones",0.425802423,,
"north carolina,lee",0.308895877,,
"north carolina,lenoir",0.531082502,,
"north carolina,mcdowell",0.113984058,,
"north carolina,madison",0.160070856,,
"north carolina,martin",0.432703121,,
"north carolina,mitchell",0.160497733,,
"north carolina,montgomery",0.242929591,,
"north carolina,moore",0.299409849,,
"north carolina,nash",0.432922598,,
"north carolina,northampton",0.409079432,,
"north carolina,orange",0.334170296,,
"north carolina,pamlico",0.335378683,,
"north carolina,pasquotank",0.612539969,,
"north carolina,perquimans",0.604006598,,
"north carolina,person",0.348817581,,
"north carolina,pitt",0.511014453,,
"north carolina,randolph",0.390758772,,
"north carolina,rockingham",0.351506736,,
"north carolina,rowan",0.438404819,,
"north carolina,sampson",0.672927621,,
"north carolina,stanly",0.24324602,,
"north carolina,stokes",0.313192461,,
"north carolina,surry",0.393332799,,
"north carolina,tyrrell",0.319841362,,
"north carolina,vance",0.30065842,,
"north carolina,wake",0.335718987,,
"north carolina,warren",0.24703291,,
"north carolina,washington",0.503201907,,
"north carolina,watauga",0.248370034,,
"north carolina,wayne",0.557605326,,
"north carolina,wilkes",0.267915446,,
"north carolina,wilson",0.50428396,,
"north carolina,yadkin",0.491463137,,
"north carolina,yancey",0.148337605,,
"north dakota,adams",0.989146625,,
"north dakota,barnes",0.934294935,,
"north dakota,benson",0.855823587,,
"north dakota,billings",0.919160684,,
"north dakota,bottineau",0.906268571,,
"north dakota,bowman",0.986481838,,
"north dakota,burke",0.936192483,,
"north dakota,burleigh",0.929903289,,
"north dakota,cass",0.938197125,,
"north dakota,cavalier",0.928042503,,
"north dakota,dickey",0.934181844,,
"north dakota,divide",0.919668719,,
"north dakota,dunn",0.885326639,,
"north dakota,eddy",0.930971767,,
"north dakota,emmons",0.962420068,,
"north dakota,foster",0.931385217,,
"north dakota,golden valley",0.972065258,,
"north dakota,grand forks",0.940494297,,
"north dakota,grant",0.978916515,,
"north dakota,griggs",0.941275447,,
"north dakota,hettinger",0.990299531,,
"north dakota,kidder",0.87481557,,
"north dakota,la moure",0.948368961,,
"north dakota,logan",0.893244015,,
"north dakota,mchenry",0.921795193,,
"north dakota,mcintosh",0.901312118,,
"north dakota,mckenzie",0.874334269,,
"north dakota,mclean",0.851566402,,
"north dakota,mercer",0.896024851,,
"north dakota,morton",0.948592078,,
"north dakota,mountrail",0.904777875,,
"north dakota,nelson",0.88660763,,
"north dakota,oliver",0.935112288,,
"north dakota,pembina",0.925501952,,
"north dakota,pierce",0.897064797,,
"north dakota,ramsey",0.785851026,,
"north dakota,ransom",0.935494347,,
"north dakota,renville",0.957348742,,
"north dakota,richland",0.931202083,,
"north dakota,rolette",0.781427476,,
"north dakota,sargent",0.919597136,,
"north dakota,sheridan",0.907849399,,
"north dakota,sioux",0.935313625,,
"north dakota,slope",0.980722924,,
"north dakota,stark",0.973542476,,
"north dakota,steele",0.960618548,,
"north dakota,stutsman",0.900360035,,
"north dakota,towner",0.961286133,,
"north dakota,traill",0.963593347,,
"north dakota,walsh",0.947103958,,
"north dakota,ward",0.919895198,,
"north dakota,wells",0.950080725,,
"north dakota,williams",0.929661675,,
"ohio,adams",0.354818292,,
"ohio,allen",0.801989658,,
"ohio,ashland",0.624800897,,
"ohio,ashtabula",0.402480858,,
"ohio,athens",0.215871567,,
"ohio,auglaize",0.856678513,,
"ohio,belmont",0.390112098,,
"ohio,brown",0.60890078,,
"ohio,butler",0.578669591,,
"ohio,carroll",0.421062572,,
"ohio,champaign",0.845349917,,
"ohio,clark",0.774873573,,
"ohio,clermont",0.440625212,,
"ohio,clinton",0.805838808,,
"ohio,columbiana",0.489381701,,
"ohio,coshocton",0.394865282,,
"ohio,crawford",0.839232083,,
"ohio,cuyahoga",0.181973256,,
"ohio,darke",0.899647309,,
"ohio,defiance",0.815844589,,
"ohio,delaware",0.677322646,,
"ohio,erie",0.57793954,,
"ohio,fairfield",0.669152054,,
"ohio,fayette",0.908503808,,
"ohio,franklin",0.394526434,,
"ohio,fulton",0.870645921,,
"ohio,gallia",0.318922567,,
"ohio,geauga",0.364486685,,
"ohio,greene",0.728467275,,
"ohio,guernsey",0.328149166,,
"ohio,hamilton",0.305071945,,
"ohio,hancock",0.861791587,,
"ohio,hardin",0.888993837,,
"ohio,harrison",0.336023532,,
"ohio,henry",0.896472845,,
"ohio,highland",0.664095642,,
"ohio,hocking",0.17844189,,
"ohio,holmes",0.583945704,,
"ohio,huron",0.762020738,,
"ohio,jackson",0.331018783,,
"ohio,jefferson",0.282660151,,
"ohio,knox",0.6106712,,
"ohio,lake",0.285590047,,
"ohio,lawrence",0.169349297,,
"ohio,licking",0.568084227,,
"ohio,logan",0.780309302,,
"ohio,lorain",0.523158379,,
"ohio,lucas",0.479834896,,
"ohio,madison",0.909764951,,
"ohio,mahoning",0.436669008,,
"ohio,marion",0.842055891,,
"ohio,medina",0.518632764,,
"ohio,meigs",0.262052733,,
"ohio,mercer",0.869360463,,
"ohio,miami",0.828074738,,
"ohio,monroe",0.223224,,
"ohio,montgomery",0.553296193,,
"ohio,morgan",0.261108701,,
"ohio,morrow",0.717308963,,
"ohio,muskingum",0.380835718,,
"ohio,noble",0.287513764,,
"ohio,ottawa",0.710999431,,
"ohio,paulding",0.881042247,,
"ohio,perry",0.380362745,,
"ohio,pickaway",0.853948657,,
"ohio,pike",0.321830997,,
"ohio,portage",0.421959854,,
"ohio,preble",0.81267165,,
"ohio,putnam",0.907156096,,
"ohio,richland",0.591963408,,
"ohio,ross",0.503368103,,
"ohio,sandusky",0.816921746,,
"ohio,scioto",0.264972393,,
"ohio,seneca",0.85235412,,
"ohio,shelby",0.850700379,,
"ohio,stark",0.534554386,,
"ohio,summit",0.293845966,,
"ohio,trumbull",0.412196562,,
"ohio,tuscarawas",0.406902964,,
"ohio,union",0.841840135,,
"ohio,van wert",0.922969836,,
"ohio,vinton",0.202878958,,
"ohio,warren",0.555291651,,
"ohio,washington",0.281829629,,
"ohio,wayne",0.72287871,,
"ohio,williams",0.79958356,,
"ohio,wood",0.828738781,,
"ohio,wyandot",0.852023844,,
"oklahoma,alfalfa",0.953833644,,
"oklahoma,beaver",0.991862259,,
"oklahoma,cimarron",0.99453212,,
"oklahoma,craig",0.842712685,,
"oklahoma,delaware",0.558665997,,
"oklahoma,ellis",0.98371201,,
"oklahoma,garfield",0.977925871,,
"oklahoma,grant",0.966771417,,
"oklahoma,harper",0.984571137,,
"oklahoma,kay",0.890139041,,
"oklahoma,noble",0.882672851,,
"oklahoma,nowata",0.782709264,,
"oklahoma,osage",0.76889007,,
"oklahoma,ottawa",0.70961081,,
"oklahoma,pawnee",0.656856527,,
"oklahoma,rogers",0.700818716,,
"oklahoma,texas",0.990922249,,
"oklahoma,washington",0.706043507,,
"oklahoma,woods",0.968464714,,
"oklahoma,woodward",0.926708243,,
"pennsylvania,adams",0.577031802,,
"pennsylvania,allegheny",0.223564665,,
"pennsylvania,armstrong",0.311270972,,
"pennsylvania,beaver",0.283740982,,
"pennsylvania,bedford",0.291389667,,
"pennsylvania,berks",0.489429705,,
"pennsylvania,blair",0.260784288,,
"pennsylvania,bradford",0.411070679,,
"pennsylvania,bucks",0.433869193,,
"pennsylvania,butler",0.339609181,,
"pennsylvania,cambria",0.256493181,,
"pennsylvania,cameron",0.081164935,,
"pennsylvania,carbon",0.18227199,,
"pennsylvania,centre",0.231245763,,
"pennsylvania,chester",0.536309746,,
"pennsylvania,clarion",0.34702972,,
"pennsylvania,clearfield",0.21597318,,
"pennsylvania,clinton",0.126999686,,
"pennsylvania,columbia",0.416906715,,
"pennsylvania,crawford",0.35161959,,
"pennsylvania,cumberland",0.487882928,,
"pennsylvania,dauphin",0.353231393,,
"pennsylvania,delaware",0.322989582,,
"pennsylvania,elk",0.139656628,,
"pennsylvania,erie",0.368374227,,
"pennsylvania,fayette",0.264494857,,
"pennsylvania,forest",0.111323833,,
"pennsylvania,franklin",0.514897072,,
"pennsylvania,fulton",0.285527594,,
"pennsylvania,greene",0.254380018,,
"pennsylvania,huntingdon",0.225846474,,
"pennsylvania,indiana",0.312193856,,
"pennsylvania,jefferson",0.295778588,,
"pennsylvania,juniata",0.326541151,,
"pennsylvania,lackawanna",0.210849408,,
"pennsylvania,lancaster",0.655669613,,
"pennsylvania,lawrence",0.444566301,,
"pennsylvania,lebanon",0.549797868,,
"pennsylvania,lehigh",0.476221531,,
"pennsylvania,luzerne",0.201162044,,
"pennsylvania,lycoming",0.235028122,,
"pennsylvania,mckean",0.152661715,,
"pennsylvania,mercer",0.420952289,,
"pennsylvania,mifflin",0.293660182,,
"pennsylvania,monroe",0.197255896,,
"pennsylvania,montgomery",0.436240984,,
"pennsylvania,montour",0.580273534,,
"pennsylvania,northampton",0.489752742,,
"pennsylvania,northumberland",0.449825396,,
"pennsylvania,perry",0.311690749,,
"pennsylvania,philadelphia",0.127933819,,
"pennsylvania,pike",0.111925151,,
"pennsylvania,potter",0.177483521,,
"pennsylvania,schuylkill",0.26733996,,
"pennsylvania,snyder",0.411353184,,
"pennsylvania,somerset",0.32383982,,
"pennsylvania,sullivan",0.200789691,,
"pennsylvania,susquehanna",0.312745894,,
"pennsylvania,tioga",0.298991286,,
"pennsylvania,union",0.36608766,,
"pennsylvania,venango",0.191180588,,
"pennsylvania,warren",0.157912528,,
"pennsylvania,washington",0.362130793,,
"pennsylvania,wayne",0.231638726,,
"pennsylvania,westmoreland",0.288667961,,
"pennsylvania,wyoming",0.254427034,,
"pennsylvania,york",0.556277521,,
"rhode island,bristol",0.15526614,,
"rhode island,kent",0.11040284,,
"rhode island,newport",0.174402852,,
"rhode island,providence",0.106480743,,
"rhode island,washington",0.147838516,,
"south dakota,aurora",0.966652045,,
"south dakota,beadle",0.961739904,,
"south dakota,bennett",0.953026715,,
"south dakota,bon homme",0.893569941,,
"south dakota,brookings",0.946412492,,
"south dakota,brown",0.92214633,,
"south dakota,brule",0.914866818,,
"south dakota,buffalo",0.926974866,,
"south dakota,butte",0.979188558,,
"south dakota,campbell",0.93851899,,
"south dakota,charles mix",0.890726299,,
"south dakota,clark",0.889609191,,
"south dakota,clay",0.927645156,,
"south dakota,codington",0.883909927,,
"south dakota,corson",0.959350018,,
"south dakota,custer",0.703976804,,
"south dakota,davison",0.945486277,,
"south dakota,day",0.792624995,,
"south dakota,deuel",0.955907372,,
"south dakota,dewey",0.927444003,,
"south dakota,douglas",0.969462639,,
"south dakota,edmunds",0.932147986,,
"south dakota,fall river",0.933593901,,
"south dakota,faulk",0.966805775,,
"south dakota,grant",0.958097804,,
"south dakota,gregory",0.876082628,,
"south dakota,haakon",0.977470363,,
"south dakota,hamlin",0.889507281,,
"south dakota,hand",0.972777425,,
"south dakota,hanson",0.950507677,,
"south dakota,harding",0.979534114,,
"south dakota,hughes",0.877884348,,
"south dakota,hutchinson",0.966634815,,
"south dakota,hyde",0.980737728,,
"south dakota,jackson",0.974624548,,
"south dakota,jerauld",0.974505194,,
"south dakota,jones",0.9732361,,
"south dakota,kingsbury",0.898648786,,
"south dakota,lake",0.936693212,,
"south dakota,lawrence",0.323812719,,
"south dakota,lincoln",0.950089101,,
"south dakota,lyman",0.95264144,,
"south dakota,mccook",0.965366849,,
"south dakota,mcpherson",0.939184246,,
"south dakota,marshall",0.879812324,,
"south dakota,meade",0.957036217,,
"south dakota,mellette",0.965060534,,
"south dakota,miner",0.968111254,,
"south dakota,minnehaha",0.914033241,,
"south dakota,moody",0.977517878,,
"south dakota,pennington",0.749175975,,
"south dakota,perkins",0.988568925,,
"south dakota,potter",0.944710743,,
"south dakota,roberts",0.905516886,,
"south dakota,sanborn",0.951406535,,
"south dakota,oglala lakota",0.946842557,,
"south dakota,spink",0.966950138,,
"south dakota,stanley",0.952479676,,
"south dakota,sully",0.918556128,,
"south dakota,todd",0.946207114,,
"south dakota,tripp",0.977139317,,
"south dakota,turner",0.980917625,,
"south dakota,union",0.915904856,,
"south dakota,walworth",0.921610975,,
"south dakota,yankton",0.891618161,,
"south dakota,ziebach",0.982297685,,
"tennessee,anderson",0.242894514,,
"tennessee,benton",0.084942492,,
"tennessee,campbell",0.187833522,,
"tennessee,carter",0.184482172,,
"tennessee,cheatham",0.350237918,,
"tennessee,claiborne",0.329513078,,
"tennessee,clay",0.274162869,,
"tennessee,cocke",0.299755196,,
"tennessee,cumberland",0.246634277,,
"tennessee,davidson",0.267975029,,
"tennessee,de kalb",0.327789494,,
"tennessee,dickson",0.310255528,,
"tennessee,fentress",0.228746702,,
"tennessee,grainger",0.367314905,,
"tennessee,greene",0.570220142,,
"tennessee,hamblen",0.550352953,,
"tennessee,hancock",0.277762448,,
"tennessee,hawkins",0.373145576,,
"tennessee,henry",0.429192559,,
"tennessee,houston",0.269141821,,
"tennessee,jackson",0.210688607,,
"tennessee,jefferson",0.511141721,,
"tennessee,johnson",0.197375126,,
"tennessee,knox",0.397265463,,
"tennessee,lake",0.485044443,,
"tennessee,macon",0.421446935,,
"tennessee,montgomery",0.429575947,,
"tennessee,morgan",0.157188336,,
"tennessee,obion",0.695027924,,
"tennessee,overton",0.343600256,,
"tennessee,pickett",0.253529388,,
"tennessee,putnam",0.350537189,,
"tennessee,roane",0.31615774,,
"tennessee,robertson",0.690703625,,
"tennessee,scott",0.117577893,,
"tennessee,sevier",0.46856916,,
"tennessee,smith",0.377771858,,
"tennessee,stewart",0.189115148,,
"tennessee,sullivan",0.377215144,,
"tennessee,sumner",0.491598786,,
"tennessee,trousdale",0.474020306,,
"tennessee,unicoi",0.100572686,,
"tennessee,union",0.270250964,,
"tennessee,washington",0.583026963,,
"tennessee,weakley",0.59754576,,
"tennessee,wilson",0.510506283,,
"texas,dallam",0.997268866,,
"texas,hansford",0.993810801,,
"texas,lipscomb",0.994564392,,
"texas,ochiltree",0.995584813,,
"texas,sherman",0.996630672,,
"utah,daggett",0.681226321,,
"utah,uintah",0.564438435,,
"vermont,addison",0.36896565,,
"vermont,bennington",0.103521211,,
"vermont,caledonia",0.184481289,,
"vermont,chittenden",0.225926373,,
"vermont,essex",0.088301499,,
"vermont,franklin",0.304351528,,
"vermont,grand isle",0.220693789,,
"vermont,lamoille",0.154126381,,
"vermont,orange",0.167126254,,
"vermont,orleans",0.224210241,,
"vermont,rutland",0.166547497,,
"vermont,washington",0.138053441,,
"vermont,windham",0.110379763,,
"vermont,windsor",0.146457216,,
"virginia,accomack",0.459889233,,
"virginia,albemarle",0.293363157,,
"virginia,alleghany",0.099267519,,
"virginia,amelia",0.312223365,,
"virginia,amherst",0.223807221,,
"virginia,appomattox",0.363151233,,
"virginia,arlington",0.232383892,,
"virginia,augusta",0.38735452,,
"virginia,bath",0.098648283,,
"virginia,bedford",0.361608759,,
"virginia,bland",0.214729312,,
"virginia,botetourt",0.225064972,,
"virginia,brunswick",0.272709586,,
"virginia,buchanan",0.098414465,,
"virginia,buckingham",0.307210737,,
"virginia,campbell",0.377714361,,
"virginia,caroline",0.270413061,,
"virginia,carroll",0.392170857,,
"virginia,charles city",0.272478184,,
"virginia,charlotte",0.353643351,,
"virginia,chesterfield",0.24147498,,
"virginia,clarke",0.609563202,,
"virginia,craig",0.1613315,,
"virginia,culpeper",0.499923914,,
"virginia,cumberland",0.29436997,,
"virginia,dickenson",0.138476537,,
"virginia,dinwiddie",0.315639315,,
"virginia,essex",0.34975995,,
"virginia,fairfax",0.253176012,,
"virginia,fauquier",0.487062636,,
"virginia,floyd",0.364284079,,
"virginia,fluvanna",0.275122415,,
"virginia,franklin",0.313969868,,
"virginia,frederick",0.376812358,,
"virginia,giles",0.203342955,,
"virginia,gloucester",0.268666628,,
"virginia,goochland",0.304683166,,
"virginia,grayson",0.357233382,,
"virginia,greene",0.317979211,,
"virginia,greensville",0.305170825,,
"virginia,halifax",0.353036963,,
"virginia,hanover",0.329417704,,
"virginia,henrico",0.268271996,,
"virginia,henry",0.269430078,,
"virginia,highland",0.202399022,,
"virginia,isle of wight",0.427991439,,
"virginia,james city",0.263373531,,
"virginia,king and queen",0.310403861,,
"virginia,king george",0.279726471,,
"virginia,king william",0.334495072,,
"virginia,lancaster",0.293279203,,
"virginia,lee",0.317624846,,
"virginia,loudoun",0.511015208,,
"virginia,louisa",0.31035414,,
"virginia,lunenburg",0.312215408,,
"virginia,madison",0.358644581,,
"virginia,mathews",0.258698969,,
"virginia,mecklenburg",0.32058983,,
"virginia,middlesex",0.312299087,,
"virginia,montgomery",0.306489875,,
"virginia,suffolk",0.36768679,,
"virginia,nelson",0.208070562,,
"virginia,new kent",0.22052377,,
"virginia,northampton",0.529647876,,
"virginia,northumberland",0.361859643,,
"virginia,nottoway",0.310639584,,
"virginia,orange",0.435097232,,
"virginia,page",0.291407887,,
"virginia,patrick",0.223755321,,
"virginia,pittsylvania",0.420149994,,
"virginia,powhatan",0.260988302,,
"virginia,prince edward",0.303640358,,
"virginia,prince george",0.268823444,,
"virginia,prince william",0.306928339,,
"virginia,pulaski",0.366189665,,
"virginia,rappahannock",0.30363315,,
"virginia,richmond",0.338765278,,
"virginia,roanoke",0.182998741,,
"virginia,rockbridge",0.289542459,,
"virginia,rockingham",0.38795894,,
"virginia,russell",0.355494587,,
"virginia,scott",0.266340942,,
"virginia,shenandoah",0.36748198,,
"virginia,smyth",0.292609206,,
"virginia,southampton",0.406530204,,
"virginia,spotsylvania",0.284277838,,
"virginia,stafford",0.229616445,,
"virginia,surry",0.349770048,,
"virginia,sussex",0.324670103,,
"virginia,tazewell",0.257094108,,
"virginia,warren",0.329372192,,
"virginia,washington",0.373931665,,
"virginia,westmoreland",0.366433916,,
"virginia,wise",0.216444535,,
"virginia,wythe",0.42721907,,
"virginia,york",0.252134303,,
"virginia,hampton",0.23629315,,
"virginia,newport news",0.217339324,,
"virginia,norfolk",0.296662113,,
"virginia,virginia beach",0.317426878,,
"west virginia,barbour",0.232605771,,
"west virginia,berkeley",0.409279976,,
"west virginia,boone",0.134371428,,
"west virginia,braxton",0.106360873,,
"west virginia,brooke",0.205554446,,
"west virginia,cabell",0.147063309,,
"west virginia,calhoun",0.092033871,,
"west virginia,clay",0.090151809,,
"west virginia,doddridge",0.094307353,,
"west virginia,fayette",0.106179267,,
"west virginia,gilmer",0.098143566,,
"west virginia,grant",0.240188049,,
"west virginia,greenbrier",0.223120184,,
"west virginia,hampshire",0.213573814,,
"west virginia,hancock",0.21823055,,
"west virginia,hardy",0.191175839,,
"west virginia,harrison",0.237387029,,
"west virginia,jackson",0.213927233,,
"west virginia,jefferson",0.640432063,,
"west virginia,kanawha",0.093033853,,
"west virginia,lewis",0.158014773,,
"west virginia,lincoln",0.111980611,,
"west virginia,logan",0.129924783,,
"west virginia,mcdowell",0.064624281,,
"west virginia,marion",0.192210403,,
"west virginia,marshall",0.192838202,,
"west virginia,mason",0.253834464,,
"west virginia,mercer",0.171190352,,
"west virginia,mineral",0.205753517,,
"west virginia,mingo",0.12871266,,
"west virginia,monongalia",0.210478225,,
"west virginia,monroe",0.301795535,,
"west virginia,morgan",0.183308753,,
"west virginia,nicholas",0.172143458,,
"west virginia,ohio",0.269709772,,
"west virginia,pendleton",0.169851953,,
"west virginia,pleasants",0.136127632,,
"west virginia,pocahontas",0.105787443,,
"west virginia,preston",0.232140847,,
"west virginia,putnam",0.174109063,,
"west virginia,raleigh",0.134741539,,
"west virginia,randolph",0.117644601,,
"west virginia,ritchie",0.124079375,,
"west virginia,roane",0.137505257,,
"west virginia,summers",0.16761268,,
"west virginia,taylor",0.262996263,,
"west virginia,tucker",0.147558703,,
"west virginia,tyler",0.137572119,,
"west virginia,upshur",0.212418038,,
"west virginia,wayne",0.091193167,,
"west virginia,webster",0.077499919,,
"west virginia,wetzel",0.081243174,,
"west virginia,wirt",0.156621544,,
"west virginia,wood",0.225954183,,
"west virginia,wyoming",0.072879905,,
"wisconsin,adams",0.418275646,,
"wisconsin,ashland",0.122868512,,
"wisconsin,barron",0.541641423,,
"wisconsin,bayfield",0.158442594,,
"wisconsin,brown",0.648833968,,
"wisconsin,buffalo",0.465558247,,
"wisconsin,burnett",0.301940133,,
"wisconsin,calumet",0.657137141,,
"wisconsin,chippewa",0.513843704,,
"wisconsin,clark",0.531396357,,
"wisconsin,columbia",0.693318288,,
"wisconsin,crawford",0.383179039,,
"wisconsin,dane",0.696378817,,
"wisconsin,dodge",0.824142004,,
"wisconsin,door",0.538756969,,
"wisconsin,douglas",0.161053218,,
"wisconsin,dunn",0.585737119,,
"wisconsin,eau claire",0.485109742,,
"wisconsin,florence",0.098173104,,
"wisconsin,fond du lac",0.771395615,,
"wisconsin,forest",0.073678528,,
"wisconsin,grant",0.647217768,,
"wisconsin,green",0.829773756,,
"wisconsin,green lake",0.740518384,,
"wisconsin,iowa",0.62042792,,
"wisconsin,iron",0.090576345,,
"wisconsin,jackson",0.382065581,,
"wisconsin,jefferson",0.730113316,,
"wisconsin,juneau",0.415685109,,
"wisconsin,kenosha",0.624969522,,
"wisconsin,kewaunee",0.722194006,,
"wisconsin,la crosse",0.392178802,,
"wisconsin,lafayette",0.861456047,,
"wisconsin,langlade",0.210849764,,
"wisconsin,lincoln",0.183737157,,
"wisconsin,manitowoc",0.705036593,,
"wisconsin,marathon",0.493827459,,
"wisconsin,marinette",0.206346476,,
"wisconsin,marquette",0.53743402,,
"wisconsin,milwaukee",0.206637153,,
"wisconsin,monroe",0.472334795,,
"wisconsin,oconto",0.351735685,,
"wisconsin,oneida",0.13878956,,
"wisconsin,outagamie",0.682101432,,
"wisconsin,ozaukee",0.585492627,,
"wisconsin,pepin",0.552969603,,
"wisconsin,pierce",0.648470729,,
"wisconsin,polk",0.464356673,,
"wisconsin,portage",0.547275286,,
"wisconsin,price",0.154949599,,
"wisconsin,racine",0.63296655,,
"wisconsin,richland",0.469076603,,
"wisconsin,rock",0.803832584,,
"wisconsin,rusk",0.260778093,,
"wisconsin,st croix",0.704095735,,
"wisconsin,sauk",0.540984037,,
"wisconsin,sawyer",0.107414823,,
"wisconsin,shawano",0.451848082,,
"wisconsin,sheboygan",0.636908064,,
"wisconsin,taylor",0.309958614,,
"wisconsin,trempealeau",0.562577849,,
"wisconsin,vernon",0.494788302,,
"wisconsin,vilas",0.098496215,,
"wisconsin,walworth",0.71045245,,
"wisconsin,washburn",0.18991425,,
"wisconsin,washington",0.609707461,,
"wisconsin,waukesha",0.493592007,,
"wisconsin,waupaca",0.50951333,,
"wisconsin,waushara",0.546572212,,
"wisconsin,winnebago",0.572251719,,
"wisconsin,wood",0.48916259,,
"wyoming,albany",0.84574504,,
"wyoming,big horn",0.876579601,,
"wyoming,campbell",0.977017799,,
"wyoming,carbon",0.854364604,,
"wyoming,converse",0.919296976,,
"wyoming,crook",0.783317699,,
"wyoming,fremont",0.893056989,,
"wyoming,goshen",0.981339122,,
"wyoming,hot springs",0.926950923,,
"wyoming,johnson",0.85426177,,
"wyoming,laramie",0.975663661,,
"wyoming,natrona",0.95820215,,
"wyoming,niobrara",0.977039025,,
"wyoming,park",0.793415709,,
"wyoming,platte",0.931179355,,
"wyoming,sheridan",0.7809519,,
"wyoming,sublette",0.756468503,,
"wyoming,sweetwater",0.994123623,,
"wyoming,washakie",0.934596657,,
"wyoming,weston",0.913619513,,
"wisconsin,menominee",0.065475892,,
"colorado,broomfield",0.617088517,,
Division No.  9,0.828591591,,
Division No.  8,0.828286411,,
Division No. 14,0.554063756,,
Division No.  4,0.833141536,,
Division No.  1,0.94184834,,
Division No. 11,0.469120248,,
Division No. 16,0.842419767,,
Division No.  6,0.843232439,,
Division No.  7,0.899113989,,
Division No. 11,0.902906822,,
Division No.  3,0.91453975,,
Division No. 12,0.907704708,,
Division No. 20,0.345520616,,
Division No. 13,0.909175764,,
Division No.  4,0.942117995,,
Division No.  6,0.864602095,,
Division No. 14,0.795633259,,
Division No.  1,0.853249968,,
Division No. 15,0.863656685,,
Division No. 16,0.660681447,,
Division No.  8,0.944260314,,
Division No.  9,0.724284824,,
Division No. 10,0.822554134,,
Division No.  4,0.932814409,,
Division No.  7,0.81670515,,
Division No.  7,0.893833725,,
Division No.  3,0.932848627,,
Division No.  5,0.839254952,,
Division No.  5,0.835380947,,
Division No. 15,0.778612972,,
Division No. 17,0.499963317,,
Division No.  2,0.909553851,,
Division No. 10,0.932816901,,
Leeds and Grenville,0.388081643,,
Tmiscamingue,0.059071833,,
Essex,0.808148154,,
Halton,0.489776662,,
Division No.  1,0.434638843,,
Middlesex,0.800993069,,
Simcoe,0.507607579,,
Haldimand-Norfolk,0.750420233,,
Rainy River,0.141479277,,
Les Collines-de-l'Outaouais,0.157919989,,
Ottawa,0.497556262,,
Timiskaming,0.110046094,,
Prescott and Russell,0.662408567,,
Brant,0.705434637,,
Lanark,0.275499549,,
Vaudreuil-Soulanges,0.609330408,,
Les Pays-d'en-Haut,0.036952054,,
Papineau,0.105014724,,
Hamilton,0.596884961,,
Nipissing,0.048164494,,
Bruce,0.664497252,,
Northumberland,0.586840629,,
Frontenac,0.190018114,,
York,0.450893564,,
Haliburton,0.030985316,,
Renfrew,0.171796719,,
Rouyn-Noranda,0.080562485,,
Parry Sound,0.094571242,,
La Valle-de-l'Or,0.11255367,,
Oxford,0.807301963,,
Muskoka,0.058045212,,
Argenteuil,0.173684875,,
Lambton,0.81298675,,
Les Laurentides,0.047516276,,
Durham,0.610487116,,
Thrse-De Blainville,0.367954911,,
"Stormont, Dundas and Glengarry",0.640576068,,
Huron,0.813828429,,
Greater Sudbury / Grand Sudbury,0.188042925,,
Deux-Montagnes,0.473670674,,
Prince Edward,0.654815943,,
La Rivire-du-Nord,0.096315618,,
Waterloo,0.664377902,,
Grey,0.656266562,,
Dufferin,0.716067885,,
Algoma,0.096544514,,
Chatham-Kent,0.891037401,,
Lennox and Addington,0.308939343,,
Abitibi-Ouest,0.25613239,,
Manitoulin,0.212144137,,
Perth,0.870635326,,
Wellington,0.742539608,,
Pontiac,0.051993632,,
Gatineau,0.342936084,,
La Valle-de-la-Gatineau,0.031554971,,
Kawartha Lakes,0.485777003,,
Toronto,0.133873526,,
Beauharnois-Salaberry,0.739868402,,
Elgin,0.792586227,,
Mirabel,0.648296497,,
Niagara,0.637743282,,
Sudbury,0.085698615,,
Hastings,0.213832727,,
Peterborough,0.297337143,,
Antoine-Labelle,0.042314076,,
Abitibi,0.163769204,,
Peel,0.461117025,,
Le Haut-Saint-Laurent,0.56179963,,
Kamouraska,0.058823529,,
L'rable,NA,,
Francheville,NA,,
La Haute-Yamaska,NA,,
Tmiscouata,0.259206799,,
Shawinigan,0.053383642,,
Charlevoix-Est,NA,,
Madawaska,0.120111732,,
L'le-d'Orlans,NA,,
L'Islet,0.25,,
Le Haut-Saint-Franois,0.010928962,,
Les Appalaches,NA,,
Les Sources,NA,,
Les Etchemins,0.072368421,,
Rivire-du-Loup,NA,,
Les Maskoutains,0.615091404,,
La Valle-du-Richelieu,0.735503851,,
Lac-Saint-Jean-Est,0.283285971,,
Memphrmagog,0.184615385,,
Coaticook,0.138387485,,
Qubec,NA,,
Rouville,0.091947459,,
Bellechasse,NA,,
Rimouski-Neigette,NA,,
Beauce-Sartigan,0.004132231,,
Le Val-Saint-Franois,NA,,
La Mitis,NA,,
Acton,NA,,
Nicolet-Yamaska,0.099473936,,
Maskinong,0.196161549,,
Pierre-De Saurel,0.537655589,,
La Cte-de-Beaupr,0.092186699,,
Charlevoix,NA,,
Le Haut-Richelieu,0.893669991,,
Montmagny,0.133333333,,
Drummond,NA,,
Sherbrooke,NA,,
Lotbinire,NA,,
Brome-Missisquoi,0.11971831,,
Longueuil,0.314014786,,
La Haute-Cte-Nord,NA,,
Portneuf,0.055786557,,
Le Granit,0.041535557,,
D'Autray,0.360659409,,
Bcancour,NA,,
L'Assomption,0.59944483,,
Arthabaska,NA,,
Robert-Cliche,NA,,
La Nouvelle-Beauce,NA,,
Lvis,NA,,
La Jacques-Cartier,0.005908513,,
Lajemmerais,0.638048106,,
Les Basques,NA,,
"missouri,st. charles",0.46579134,,
"missouri,st. clair",0.51016161,,
"missouri,st. louis",0.22213659,,
"missouri,st. louis city",0.06775682,,
