"GULocationID","state.county","Program","propOpen"
"NFJ-100","iowa,boone","NFJ",0.794435843629854
"NFJ-1008","iowa,allamakee","NFJ",0.390022397053347
"NFJ-101","indiana,boone","NFJ",0.53056241894626
"NFJ-102","missouri,boone","NFJ",0.445956108942565
"NFJ-105","minnesota,st. louis","NFJ",0.104806905685157
"NFJ-1061","ohio,adams","NFJ",0.222052039290857
"NFJ-1064","indiana,allen","NFJ",0.60432670790136
"NFJ-1068","ohio,richland","NFJ",0.524905578005683
"NFJ-1069","ohio,ashtabula","NFJ",0.43418566685621
"NFJ-1070","ohio,athens","NFJ",0.168586009039681
"NFJ-1072","wisconsin,iowa","NFJ",0.448408309258495
"NFJ-1076","wisconsin,bayfield","NFJ",0.306158124314429
"NFJ-1077","minnesota,st. louis","NFJ",0.107287768728447
"NFJ-1082","missouri,mississippi","NFJ",0.692775725380712
"NFJ-1095","illinois,cook","NFJ",0.0037493442316229
"NFJ-1113","ohio,clermont","NFJ",0.48628144408941
"NFJ-1120","minnesota,cook","NFJ",0.135402393726785
"NFJ-1126","ohio,delaware","NFJ",0.772433110643965
"NFJ-1127","michigan,monroe","NFJ",0.78845638815005
"NFJ-1132","missouri,lincoln","NFJ",0.520915190936873
"NFJ-1134","ohio,erie","NFJ",0.583731680026414
"NFJ-1144","michigan,genesee","NFJ",0.441723361832246
"NFJ-1149","indiana,greene","NFJ",0.54127588857115
"NFJ-1151","iowa,jackson","NFJ",0.567827047174622
"NFJ-1158","michigan,oakland","NFJ",0.305144253345856
"NFJ-1162","ohio,lake","NFJ",0.177849560590136
"NFJ-1168","michigan,kalamazoo","NFJ",0.44069571852822
"NFJ-1176","ohio,lake","NFJ",0.353239087328883
"NFJ-1177","iowa,winneshiek","NFJ",0.8749018643931
"NFJ-1187","ohio,lucas","NFJ",0.497477804681194
"NFJ-1191","illinois,mason","NFJ",0.813949094591025
"NFJ-1192","illinois,mcdonough","NFJ",0.641244015628153
"NFJ-1202","michigan,newaygo","NFJ",0.230191545017298
"NFJ-1204","indiana,noble","NFJ",0.709434225297342
"NFJ-1211","ohio,lucas","NFJ",0.644651642276184
"NFJ-1214","michigan,ottawa","NFJ",0.622361139389804
"NFJ-1215","michigan,lake","NFJ",0.153848552608167
"NFJ-1216","illinois,crawford","NFJ",0.738561324215655
"NFJ-1229","minnesota,ramsey","NFJ",0.301458489635019
"NFJ-124","missouri,polk","NFJ",0.514417997182437
"NFJ-1242","ohio,sandusky","NFJ",0.636470523496827
"NFJ-1251","missouri,franklin","NFJ",0.350443357705472
"NFJ-1252","michigan,saginaw","NFJ",0.500526445156154
"NFJ-1269","missouri,cape girardeau","NFJ",0.426890158227036
"NFJ-1278","ohio,hamilton","NFJ",0.335310669175939
"NFJ-128","missouri,jackson","NFJ",0.404164694746805
"NFJ-129","missouri,st. charles","NFJ",0.283177967811639
"NFJ-130","missouri,st. charles","NFJ",0.278141480102354
"NFJ-1313","wisconsin,oconto","NFJ",0.0845225953671976
"NFJ-1315","missouri,sullivan","NFJ",0.539200490132237
"NFJ-134","ohio,warren","NFJ",0.607523933033364
"NFJ-1349","minnesota,cook","NFJ",0.0515998143654029
"NFJ-135","minnesota,houston","NFJ",0.504662885485989
"NFJ-1378","missouri,jackson","NFJ",0.507893066648079
"NFJ-1380","wisconsin,milwaukee","NFJ",0.318867536889065
"NFJ-1382","minnesota,st. louis","NFJ",0.115105168836934
"NFJ-1391","michigan,midland","NFJ",0.184899583071186
"NFJ-1393","indiana,lagrange","NFJ",0.678574900627145
"NFJ-1397","michigan,gogebic","NFJ",0.0986123467207177
"NFJ-140","wisconsin,calumet","NFJ",0.383977474916081
"NFJ-1406","missouri,macon","NFJ",0.664159886131023
"NFJ-1419","missouri,st. clair","NFJ",0.594553992332667
"NFJ-15","michigan,allegan","NFJ",0.304779915513677
"NFJ-157","minnesota,carlton","NFJ",0.199218219771592
"NFJ-159","minnesota,carver","NFJ",0.429256669503712
"NFJ-160","michigan,cass","NFJ",0.581365744137587
"NFJ-163","iowa,linn","NFJ",0.553873922127186
"NFJ-170","minnesota,clearwater","NFJ",0.491545818399263
"NFJ-175","ohio,cuyahoga","NFJ",0.280888117647706
"NFJ-181","michigan,washtenaw","NFJ",0.439670415942125
"NFJ-183","iowa,polk","NFJ",0.901030508026883
"NFJ-186","michigan,midland","NFJ",0.165045765541024
"NFJ-19","iowa,story","NFJ",0.879631158216029
"NFJ-20","wisconsin,portage","NFJ",0.677319886417833
"NFJ-202","ohio,lake","NFJ",0.174835783059378
"NFJ-218","minnesota,cook","NFJ",0.149651029485945
"NFJ-219","minnesota,cook","NFJ",0.149651029485945
"NFJ-222","wisconsin,bayfield","NFJ",0.131830921844276
"NFJ-231","wisconsin,burnett","NFJ",0.403995084102207
"NFJ-234","missouri,lincoln","NFJ",0.524241195817062
"NFJ-24","michigan,washtenaw","NFJ",0.424329747894227
"NFJ-246","ohio,franklin","NFJ",0.740512540194106
"NFJ-253","michigan,wayne","NFJ",0.0850033109120691
"NFJ-255","minnesota,cass","NFJ",0.151107931616406
"NFJ-256","indiana,delaware","NFJ",0.754445852769131
"NFJ-269","iowa,dubuque","NFJ",0.514063812692834
"NFJ-287","missouri,cedar","NFJ",0.620375924264853
"NFJ-295","michigan,emmet","NFJ",0.217206439116016
"NFJ-300","iowa,jefferson","NFJ",0.77608671327132
"NFJ-306","michigan,oakland","NFJ",0.234049265999343
"NFJ-33","indiana,allen","NFJ",0.714913559866098
"NFJ-331","michigan,schoolcraft","NFJ",0.215181769989746
"NFJ-342","ohio,geauga","NFJ",0.448699394132828
"NFJ-347","wisconsin,buffalo","NFJ",0.511647657445146
"NFJ-352","ohio,greene","NFJ",0.744755353785482
"NFJ-354","michigan,gogebic","NFJ",0.0990679646556642
"NFJ-363","ohio,licking","NFJ",0.569704095558132
"NFJ-365","michigan,gratiot","NFJ",0.640876123953087
"NFJ-370","michigan,muskegon","NFJ",0.277467578920337
"NFJ-371","illinois,peoria","NFJ",0.374638876099881
"NFJ-373","illinois,bureau","NFJ",0.930869904159215
"NFJ-375","ohio,greene","NFJ",0.637929801069401
"NFJ-400","indiana,henry","NFJ",0.825297569368652
"NFJ-410","michigan,hillsdale","NFJ",0.62286096869755
"NFJ-420","illinois,madison","NFJ",0.338241471597674
"NFJ-426","ohio,huron","NFJ",0.782401420476953
"NFJ-427","michigan,oakland","NFJ",0.285727388123766
"NFJ-43","ohio,montgomery","NFJ",0.592454408382034
"NFJ-435","iowa,johnson","NFJ",0.595934082462956
"NFJ-440","minnesota,clearwater","NFJ",0.165137177142585
"NFJ-446","missouri,jefferson","NFJ",0.230788138033755
"NFJ-448","iowa,johnson","NFJ",0.680150046316253
"NFJ-449","indiana,johnson","NFJ",0.802522942932036
"NFJ-454","michigan,kalamazoo","NFJ",0.441067219414662
"NFJ-470","ohio,wayne","NFJ",0.6679623155122
"NFJ-477","indiana,laporte","NFJ",0.584561541241189
"NFJ-483","minnesota,kittson","NFJ",0.789644654036138
"NFJ-496","illinois,lasalle","NFJ",0.86501225310363
"NFJ-497","minnesota,st. louis","NFJ",0.251543555221307
"NFJ-50","michigan,oakland","NFJ",0.294446207436729
"NFJ-506","ohio,allen","NFJ",0.706281584474425
"NFJ-51","wisconsin,sauk","NFJ",0.482807260827776
"NFJ-531","wisconsin,dane","NFJ",0.436771214903214
"NFJ-544","illinois,marion","NFJ",0.776679439511196
"NFJ-549","missouri,clay","NFJ",0.695694682140938
"NFJ-552","indiana,fayette","NFJ",0.575725446530936
"NFJ-556","indiana,owen","NFJ",0.360444341723438
"NFJ-558","illinois,cook","NFJ",0.234886378435289
"NFJ-559","minnesota,lake","NFJ",0.0830745355856839
"NFJ-560","wisconsin,taylor","NFJ",0.286008558813872
"NFJ-571","ohio,miami","NFJ",0.874843168761418
"NFJ-574","wisconsin,milwaukee","NFJ",0.282343122328815
"NFJ-578","ohio,coshocton","NFJ",0.312431327878084
"NFJ-581","indiana,brown","NFJ",0.0803620888897041
"NFJ-583","wisconsin,marquette","NFJ",0.588123835238528
"NFJ-588","minnesota,carlton","NFJ",0.285542124474934
"NFJ-599","wisconsin,columbia","NFJ",0.715461009039681
"NFJ-60","minnesota,st. louis","NFJ",0.127332593482588
"NFJ-600","minnesota,st. louis","NFJ",0.117938605743215
"NFJ-601","indiana,jackson","NFJ",0.620365614750791
"NFJ-608","iowa,jasper","NFJ",0.751226670335213
"NFJ-61","illinois,cass","NFJ",0.731879246335128
"NFJ-610","wisconsin,clark","NFJ",0.462814146857751
"NFJ-611","minnesota,hubbard","NFJ",0.280212856113009
"NFJ-614","michigan,newaygo","NFJ",0.220169602518174
"NFJ-617","wisconsin,marathon","NFJ",0.396290684706366
"NFJ-629","illinois,cook","NFJ",0.0307196472202452
"NFJ-63","wisconsin,eau claire","NFJ",0.50657238241984
"NFJ-634","wisconsin,fond du lac","NFJ",0.578262600174991
"NFJ-635","iowa,plymouth","NFJ",0.89227100549385
"NFJ-65","ohio,greene","NFJ",0.590806870542658
"NFJ-650","michigan,eaton","NFJ",0.636625944676792
"NFJ-662","wisconsin,outagamie","NFJ",0.752089279556244
"NFJ-68","minnesota,beltrami","NFJ",0.344241817261341
"NFJ-681","wisconsin,douglas","NFJ",0.157561761231483
"NFJ-706","iowa,woodbury","NFJ",0.79495518697469
"NFJ-711","missouri,lafayette","NFJ",0.677970889547201
"NFJ-721","ohio,stark","NFJ",0.540135957092441
"NFJ-728","iowa,appanoose","NFJ",0.670237470696784
"NFJ-735","indiana,parke","NFJ",0.612507680878968
"NFJ-740","wisconsin,waukesha","NFJ",0.449055323207866
"NFJ-742","minnesota,dakota","NFJ",0.83894866593051
"NFJ-747","wisconsin,racine","NFJ",0.317315929172697
"NFJ-748","wisconsin,ozaukee","NFJ",0.572022084449172
"NFJ-750","missouri,jefferson","NFJ",0.248319328501804
"NFJ-756","minnesota,olmsted","NFJ",0.668798115813628
"NFJ-762","michigan,kent","NFJ",0.483238834908715
"NFJ-773","michigan,washtenaw","NFJ",0.735195926288719
"NFJ-784","wisconsin,wood","NFJ",0.367971267836082
"NFJ-79","indiana,ripley","NFJ",0.362724039320494
"NFJ-8","ohio,summit","NFJ",0.285228977808431
"NFJ-806","missouri,pettis","NFJ",0.777267024234909
"NFJ-810","michigan,lapeer","NFJ",0.467433533518477
"NFJ-816","illinois,saline","NFJ",0.328155752965584
"NFJ-817","ohio,scioto","NFJ",0.156971401213949
"NFJ-823","iowa,lee","NFJ",0.575183384174024
"NFJ-825","minnesota,kandiyohi","NFJ",0.662323107259137
"NFJ-828","ohio,stark","NFJ",0.60817208482445
"NFJ-829","iowa,woodbury","NFJ",0.693950922090929
"NFJ-832","wisconsin,door","NFJ",0.188217102041041
"NFJ-842","michigan,oakland","NFJ",0.3466826861346
"NFJ-845","minnesota,washington","NFJ",0.427984195813431
"NFJ-847","wisconsin,oconto","NFJ",0.0853441096513595
"NFJ-854","wisconsin,waukesha","NFJ",0.617118728320943
"NFJ-858","michigan,washtenaw","NFJ",0.597124466432236
"NFJ-863","iowa,jackson","NFJ",0.668071111241548
"NFJ-866","michigan,oakland","NFJ",0.302498642640175
"NFJ-894","missouri,st. clair","NFJ",0.625478992213224
"NFJ-90","minnesota,rock","NFJ",0.970641000242136
"NFJ-905","indiana,vigo","NFJ",0.474914473865231
"NFJ-917","ohio,portage","NFJ",0.44619089895225
"NFJ-920","wisconsin,trempealeau","NFJ",0.504558194478073
"NFJ-927","ohio,summit","NFJ",0.271340054148049
"NFJ-93","minnesota,clay","NFJ",0.930352812558469
"NFJ-932","michigan,macomb","NFJ",0.475916819064774
"NFJ-949","illinois,hancock","NFJ",0.624358917919483
"NFJ-957","iowa,fremont","NFJ",0.814575537456893
"NFJ-958","wisconsin,waushara","NFJ",0.442087711317211
"NFJ-959","wisconsin,jackson","NFJ",0.233002371698103
"NFJ-962","wisconsin,milwaukee","NFJ",0.291504406922675
"NFJ-98","wisconsin,kenosha","NFJ",0.72724171075126
"NFJ-984","michigan,chippewa","NFJ",0.192255766260543
"NFJ-995","wisconsin,winnebago","NFJ",0.582815300153529
"NFJ-997","michigan,eaton","NFJ",0.446527002015911
"NFJ-998","ohio,medina","NFJ",0.373519037215983
"IL-1","illinois,cook","IL",0.346797487506304
"IL-100","illinois,lake","IL",0.32842732691426
"IL-101","illinois,cook","IL",0.10845638815005
"IL-102","illinois,mchenry","IL",0.282063047767632
"IL-103","illinois,cook","IL",0.0770606032822958
"IL-104","illinois,dekalb","IL",0.683344033752178
"IL-105","illinois,kane","IL",0.294387380777696
"IL-106","illinois,mchenry","IL",0.398852947923836
"IL-107","illinois,cook","IL",0.147650082614283
"IL-108","illinois,dupage","IL",0.213080168776371
"IL-109","illinois,cook","IL",0.0631390710257233
"IL-11","illinois,champaign","IL",0.521252693841992
"IL-110","illinois,cook","IL",0.385557083906465
"IL-111","illinois,dupage","IL",0.221620629531064
"IL-112","illinois,dupage","IL",0.322437190537319
"IL-113","illinois,dupage","IL",0.390295358649789
"IL-114","illinois,mchenry","IL",0.516879185395835
"IL-115","illinois,cook","IL",0.146957678022835
"IL-116","indiana,porter","IL",0.518114280473264
"IL-117","indiana,porter","IL",0.526453328443059
"IL-118","illinois,cook","IL",0.0977533241632279
"IL-119","illinois,cook","IL",0.182972675591418
"IL-12","illinois,cook","IL",0.079138010087116
"IL-120","illinois,whiteside","IL",0.526842250160595
"IL-121","illinois,mchenry","IL",0.26495138506696
"IL-122","indiana,lake","IL",0.152847840044025
"IL-123","indiana,laporte","IL",0.321120689655172
"IL-124","illinois,cook","IL",0.154269719634745
"IL-125","indiana,porter","IL",0.315975408331804
"IL-126","illinois,dupage","IL",0.324437107350851
"IL-127","illinois,dupage","IL",0.160324591967724
"IL-128","illinois,dupage","IL",0.173206663912984
"IL-129","illinois,dupage","IL",0.187981298129813
"IL-13","illinois,cook","IL",0.0728640910342296
"IL-130","illinois,dupage","IL",0.274257153338224
"IL-131","illinois,dupage","IL",0.274994269997708
"IL-132","illinois,mchenry","IL",0.290100509431364
"IL-133","illinois,cook","IL",0.166964736093915
"IL-134","illinois,mchenry","IL",0.782556859867938
"IL-135","indiana,porter","IL",0.265397844531071
"IL-136","indiana,lake","IL",0.120993993856311
"IL-137","indiana,lake","IL",0.167897948882669
"IL-138","illinois,cook","IL",0.110117819648833
"IL-139","illinois,cook","IL",0.174686912243681
"IL-14","illinois,kane","IL",0.896464762254115
"IL-140","illinois,kane","IL",0.522694937812658
"IL-141","illinois,kane","IL",0.516093535075653
"IL-142","illinois,kane","IL",0.505272810637322
"IL-144","illinois,dupage","IL",0.386463683052091
"IL-145","illinois,dupage","IL",0.234299073989181
"IL-146","illinois,dupage","IL",0.229996329601762
"IL-147","illinois,lake","IL",0.450043559998166
"IL-148","illinois,macon","IL",0.324972487160675
"IL-15","illinois,cook","IL",0.204493351673544
"IL-151","illinois,mchenry","IL",0.623652955473013
"IL-152","illinois,mchenry","IL",0.738575885483575
"IL-153","illinois,kane","IL",0.558892302049425
"IL-154","illinois,cook","IL",0.16054477919934
"IL-155","illinois,kane","IL",0.91535216434336
"IL-156","illinois,cook","IL",0.210866574965612
"IL-157","illinois,cook","IL",0.231474688187821
"IL-158","illinois,lake","IL",0.21398742600156
"IL-159","illinois,kane","IL",0.313819049366856
"IL-16","illinois,kane","IL",0.606779194569306
"IL-160","indiana,porter","IL",0.699550747226552
"IL-161","illinois,iroquois","IL",0.609748269063231
"IL-162","illinois,cook","IL",0.0915176524530032
"IL-163","illinois,woodford","IL",0.68412123435279
"IL-164","illinois,lake","IL",0.409461813514257
"IL-165","illinois,dupage","IL",0.226380480645753
"IL-166","illinois,dupage","IL",0.170884915176525
"IL-167","illinois,cook","IL",0.131647776809067
"IL-168","illinois,cook","IL",0.0221498670090801
"IL-169","illinois,dupage","IL",0.230317758723463
"IL-17","illinois,dupage","IL",0.269729903242078
"IL-170","illinois,dupage","IL",0.206261172480176
"IL-171","indiana,lake","IL",0.362144068962355
"IL-172","illinois,dupage","IL",0.21181001283697
"IL-173","illinois,winnebago","IL",0.461852361302155
"IL-174","illinois,winnebago","IL",0.427562809462681
"IL-177","illinois,cook","IL",0.245150639702848
"IL-178","illinois,cook","IL",0.172575097454712
"IL-179","illinois,cook","IL",0.16969363419556
"IL-18","illinois,cook","IL",0.11787089675408
"IL-180","illinois,coles","IL",0.84350339511837
"IL-181","illinois,will","IL",0.467290148076835
"IL-182","illinois,mchenry","IL",0.49534638485168
"IL-183","illinois,lasalle","IL",0.626439682466847
"IL-184","illinois,cook","IL",0.204149072884156
"IL-185","illinois,cook","IL",0.0728006234814102
"IL-186","illinois,champaign","IL",0.561439706556625
"IL-187","illinois,coles","IL",0.828250401284109
"IL-188","illinois,montgomery","IL",0.418687818073449
"IL-189","illinois,douglas","IL",0.72992566761494
"IL-19","illinois,mchenry","IL",0.581854043392505
"IL-190","illinois,hancock","IL",0.229618068307014
"IL-191","indiana,laporte","IL",0.381914844859984
"IL-192","illinois,lake","IL",0.278838212352023
"IL-193","illinois,boone","IL",0.80942331513511
"IL-194","illinois,cook","IL",0.0939018798716185
"IL-195","illinois,winnebago","IL",0.559633027522936
"IL-196","illinois,winnebago","IL",0.574881886152011
"IL-197","illinois,winnebago","IL",0.676419334128222
"IL-2","illinois,cook","IL",0.130602321207395
"IL-20","illinois,cook","IL",0.0886749197615773
"IL-200","illinois,winnebago","IL",0.724621733149931
"IL-201","illinois,winnebago","IL",0.872357984503232
"IL-202","illinois,winnebago","IL",0.617010545621275
"IL-204","illinois,kane","IL",0.88327222731439
"IL-205","illinois,cook","IL",0.212935779816514
"IL-206","illinois,lake","IL",0.281280088028976
"IL-207","wisconsin,kenosha","IL",0.60022920009168
"IL-208","illinois,lake","IL",0.368158063628862
"IL-209","illinois,lake","IL",0.374627208075247
"IL-21","illinois,cook","IL",0.198780543712465
"IL-210","illinois,lake","IL",0.373382879163226
"IL-211","illinois,winnebago","IL",0.737872535534159
"IL-212","illinois,cook","IL",0.0751066073639323
"IL-213","illinois,carroll","IL",0.568796406636722
"IL-214","illinois,cook","IL",0.0417755766496996
"IL-215","illinois,lake","IL",0.432333241581796
"IL-216","illinois,kankakee","IL",0.66555122622049
"IL-217","illinois,cook","IL",0.163823933975241
"IL-218","illinois,dupage","IL",0.205557338713375
"IL-219","illinois,cook","IL",0.153419508617528
"IL-22","wisconsin,kenosha","IL",0.258642824392481
"IL-220","illinois,cook","IL",0.156212746446584
"IL-221","illinois,dupage","IL",0.338103756708408
"IL-222","illinois,will","IL",0.583463266990736
"IL-223","illinois,mchenry","IL",0.448057606751364
"IL-224","illinois,mchenry","IL",0.847888873607482
"IL-225","illinois,iroquois","IL",0.650549954170486
"IL-226","illinois,grundy","IL",0.419505708652391
"IL-227","illinois,dupage","IL",0.567721228794131
"IL-228","illinois,peoria","IL",0.141920396184886
"IL-229","illinois,coles","IL",0.862121142647531
"IL-23","illinois,dupage","IL",0.208923740083459
"IL-230","illinois,mchenry","IL",0.378398202906524
"IL-231","illinois,lake","IL",0.311643050396662
"IL-232","illinois,lake","IL",0.417560751948647
"IL-233","illinois,coles","IL",0.446645572522584
"IL-234","illinois,kane","IL",0.732881107342561
"IL-235","illinois,monroe","IL",0.416697230882083
"IL-236","illinois,cook","IL",0.120764751730778
"IL-237","illinois,cook","IL",0.0564704802972613
"IL-238","illinois,kane","IL",0.497502177001696
"IL-239","illinois,lake","IL",0.136817973406694
"IL-24","illinois,mchenry","IL",0.312376759756042
"IL-240","illinois,lake","IL",0.212838147638698
"IL-241","illinois,kane","IL",0.59105504587156
"IL-242","illinois,dupage","IL",0.361789922516162
"IL-243","illinois,dupage","IL",0.271417427614372
"IL-244","illinois,lake","IL",0.380421824850986
"IL-245","illinois,cook","IL",0.186720469552458
"IL-246","illinois,kankakee","IL",0.645324037976425
"IL-247","illinois,knox","IL",0.177991746905089
"IL-248","illinois,mchenry","IL",0.27547931382442
"IL-249","illinois,lake","IL",0.48491517652453
"IL-25","illinois,lake","IL",0.262337185837461
"IL-250","illinois,cook","IL",0.130482606902241
"IL-251","illinois,champaign","IL",0.561439706556625
"IL-252","illinois,will","IL",0.514774708635404
"IL-253","illinois,lasalle","IL",0.61636863823934
"IL-254","illinois,mchenry","IL",0.418425399155808
"IL-255","illinois,mchenry","IL",0.418425399155808
"IL-256","illinois,mchenry","IL",0.418425399155808
"IL-257","illinois,mchenry","IL",0.418425399155808
"IL-258","illinois,dupage","IL",0.234155736953132
"IL-259","illinois,lake","IL",0.219099578213827
"IL-26","illinois,cook","IL",0.062755172255608
"IL-260","illinois,kane","IL",0.415524276741094
"IL-261","illinois,kane","IL",0.472503783882952
"IL-262","illinois,cook","IL",0.111263925182231
"IL-263","illinois,will","IL",0.285943443787525
"IL-264","illinois,will","IL",0.720999541494727
"IL-265","illinois,mason","IL",0.632404181184669
"IL-266","illinois,lake","IL",0.204566293783239
"IL-267","illinois,peoria","IL",0.212382481082321
"IL-268","illinois,peoria","IL",0.553781204111601
"IL-27","illinois,dupage","IL",0.225992846005687
"IL-270","illinois,mchenry","IL",0.282075991189427
"IL-271","illinois,kane","IL",0.407653833799844
"IL-272","illinois,lake","IL",0.323368942276833
"IL-273","illinois,cook","IL",0.0595249014032835
"IL-274","illinois,lake","IL",0.344894026974952
"IL-275","illinois,mchenry","IL",0.564587155963303
"IL-276","illinois,cook","IL",0.394534115920763
"IL-277","illinois,peoria","IL",0.0760660247592847
"IL-278","illinois,mchenry","IL",0.332538627298152
"IL-279","illinois,kane","IL",0.202349809536922
"IL-28","indiana,lake","IL",0.65799972485899
"IL-280","illinois,cook","IL",0.0919556044762429
"IL-281","illinois,lake","IL",0.400706130496584
"IL-282","illinois,lake","IL",0.400706130496584
"IL-283","illinois,dupage","IL",0.186992615695088
"IL-284","illinois,kane","IL",0.612810049974783
"IL-285","illinois,champaign","IL",0.967404758630175
"IL-286","illinois,lake","IL",0.419348922512609
"IL-287","illinois,mclean","IL",0.95418902187371
"IL-288","illinois,dupage","IL",0.202778287181368
"IL-289","illinois,dupage","IL",0.438224911749874
"IL-29","illinois,kane","IL",0.624415298541686
"IL-290","illinois,cook","IL",0.0977802238121446
"IL-291","illinois,cook","IL",0.172575097454712
"IL-292","illinois,cook","IL",0.29089991280804
"IL-293","illinois,lake","IL",0.27178499357916
"IL-294","illinois,cook","IL",0.0587479935794543
"IL-295","illinois,cook","IL",0.0617204695524578
"IL-296","illinois,lee","IL",0.633888048411498
"IL-297","illinois,lake","IL",0.400706130496584
"IL-298","illinois,cook","IL",0.293578402163451
"IL-299","illinois,winnebago","IL",0.55864282439248
"IL-3","illinois,lake","IL",0.262501146894211
"IL-30","illinois,kane","IL",0.653937838085633
"IL-300","illinois,cook","IL",0.0221875859539745
"IL-301","illinois,mchenry","IL",0.500389711613406
"IL-302","illinois,cook","IL",0.130277165932452
"IL-303","illinois,cook","IL",0.16604759939469
"IL-305","illinois,cook","IL",0.199706516256248
"IL-306","illinois,cook","IL",0.199706516256248
"IL-307","illinois,kane","IL",0.91535216434336
"IL-309","illinois,dupage","IL",0.0888206162876009
"IL-31","illinois,vermilion","IL",0.609188544152745
"IL-310","illinois,lake","IL",0.314015863555087
"IL-311","indiana,porter","IL",0.238010087116002
"IL-312","illinois,dupage","IL",0.575667247546547
"IL-313","illinois,mchenry","IL",0.550584460233784
"IL-314","illinois,dupage","IL",0.225192589875275
"IL-315","illinois,kane","IL",0.522933675809559
"IL-316","illinois,cook","IL",0.196661163089341
"IL-317","illinois,dupage","IL",0.205758298184486
"IL-318","illinois,kane","IL",0.560812359602072
"IL-319","illinois,kane","IL",0.509420987484528
"IL-32","illinois,cook","IL",0.177358663729809
"IL-320","illinois,will","IL",0.389199596589346
"IL-321","illinois,cook","IL",0.0728640910342296
"IL-322","illinois,kane","IL",0.313784875183554
"IL-323","illinois,grundy","IL",0.608922921729561
"IL-324","illinois,mchenry","IL",0.745008949469916
"IL-325","illinois,cook","IL",0.0191769509565537
"IL-326","illinois,kane","IL",0.322082091263472
"IL-327","illinois,lake","IL",0.392600064187795
"IL-328","illinois,will","IL",0.366200412749369
"IL-329","illinois,dupage","IL",0.126778012296962
"IL-33","illinois,lake","IL",0.334540453816182
"IL-330","illinois,mchenry","IL",0.273570182686129
"IL-331","illinois,will","IL",0.349532367504126
"IL-332","illinois,will","IL",0.384770642201835
"IL-333","illinois,will","IL",0.757236570484885
"IL-334","illinois,dupage","IL",0.224682528767249
"IL-335","illinois,lake","IL",0.215690769865652
"IL-336","illinois,lake","IL",0.311132516857025
"IL-337","illinois,lake","IL",0.323368942276833
"IL-338","illinois,cook","IL",0.121148202494497
"IL-339","illinois,cook","IL",0.121148202494497
"IL-34","illinois,mchenry","IL",0.292801467216873
"IL-340","illinois,mchenry","IL",0.282075991189427
"IL-341","illinois,cook","IL",0.340592334494773
"IL-342","illinois,cook","IL",0.147650082614283
"IL-343","illinois,cook","IL",0.131647776809067
"IL-344","illinois,cook","IL",0.169838140217341
"IL-345","illinois,dupage","IL",0.233890214797136
"IL-346","illinois,dupage","IL",0.390600641907382
"IL-347","illinois,cook","IL",0.0977533241632279
"IL-348","illinois,cook","IL",0.182972675591418
"IL-349","illinois,lake","IL",0.408344795965154
"IL-350","illinois,lake","IL",0.450043559998166
"IL-351","illinois,dupage","IL",0.160324591967724
"IL-352","illinois,cook","IL",0.110117819648833
"IL-353","illinois,dupage","IL",0.273990188437027
"IL-354","illinois,dupage","IL",0.247214708174774
"IL-355","illinois,cook","IL",0.154326084961923
"IL-356","illinois,cook","IL",0.166322740404457
"IL-358","illinois,lake","IL",0.64440772867043
"IL-359","indiana,lake","IL",0.13527766313569
"IL-36","illinois,kane","IL",0.289148887359486
"IL-360","illinois,cook","IL",0.0734033285956627
"IL-361","illinois,lake","IL",0.223485195709964
"IL-362","illinois,kane","IL",0.62083982763363
"IL-365","illinois,lake","IL",0.431028157387875
"IL-366","illinois,cook","IL",0.0839375860486462
"IL-367","illinois,cook","IL",0.24495597945708
"IL-37","illinois,peoria","IL",0.131615151793084
"IL-370","illinois,champaign","IL",0.597202476496216
"IL-371","illinois,cook","IL",0.0696928014672169
"IL-372","illinois,mclean","IL",0.94911291431715
"IL-373","illinois,mchenry","IL",0.396888766519824
"IL-375","illinois,will","IL",0.480927929580048
"IL-376","illinois,cook","IL",0.0567629527739569
"IL-377","illinois,cook","IL",0.0837422609493235
"IL-378","illinois,cook","IL",0.2784502521779
"IL-379","illinois,dupage","IL",0.145498761126916
"IL-38","illinois,kane","IL",0.739144404663545
"IL-380","illinois,dupage","IL",0.355675774802861
"IL-381","illinois,dupage","IL",0.0844605438121876
"IL-382","illinois,cook","IL",0.0489629221732746
"IL-383","illinois,will","IL",0.467290148076835
"IL-384","illinois,cook","IL",0.043187236383642
"IL-385","illinois,cook","IL",0.0608312689237545
"IL-386","illinois,cook","IL",0.047946776783666
"IL-387","illinois,will","IL",0.760141174313609
"IL-388","illinois,dupage","IL",0.325805563205728
"IL-389","illinois,mchenry","IL",0.27547931382442
"IL-39","illinois,cook","IL",0.138095456421072
"IL-390","illinois,dekalb","IL",0.956350298028427
"IL-391","illinois,cook","IL",0.147180192572215
"IL-392","illinois,lake","IL",0.427792041078306
"IL-393","illinois,cook","IL",0.0739126445219306
"IL-394","illinois,jackson","IL",0.157841654059506
"IL-395","illinois,union","IL",0.135390399339783
"IL-396","illinois,union","IL",0.189028026237329
"IL-397","illinois,union","IL",0.196617626838994
"IL-399","illinois,kendall","IL",0.889678573066165
"IL-4","illinois,dupage","IL",0.341832523158764
"IL-40","illinois,mchenry","IL",0.548810124260626
"IL-400","indiana,newton","IL",0.737414030261348
"IL-402","illinois,cook","IL",0.0403924625189125
"IL-403","illinois,dupage","IL",0.483711113150408
"IL-404","illinois,kane","IL",0.356825163923151
"IL-406","illinois,cook","IL",0.0523927392739274
"IL-408","illinois,mchenry","IL",0.524025676295277
"IL-41","illinois,lake","IL",0.270822828329131
"IL-411","illinois,cook","IL",0.117487842921369
"IL-413","illinois,cook","IL",0.0547882347542789
"IL-414","illinois,coles","IL",0.682485098578634
"IL-416","illinois,kane","IL",0.426658718877528
"IL-417","illinois,cook","IL",0.130556319310787
"IL-418","illinois,kane","IL",0.902197348502225
"IL-419","illinois,kane","IL",0.326618639012527
"IL-42","illinois,lake","IL",0.31421366345713
"IL-420","illinois,grundy","IL",0.610591471801926
"IL-421","illinois,champaign","IL",0.563012882226195
"IL-422","illinois,cook","IL",0.0409061726130423
"IL-423","illinois,dupage","IL",0.257336757153338
"IL-424","illinois,dupage","IL",0.276636713735558
"IL-425","illinois,dupage","IL",0.167713539039934
"IL-426","illinois,dupage","IL",0.176653981935721
"IL-427","illinois,dupage","IL",0.58550791102958
"IL-428","illinois,dupage","IL",0.542855831880334
"IL-429","illinois,dupage","IL",0.304323902975836
"IL-43","illinois,lee","IL",0.767502636284444
"IL-430","illinois,cook","IL",0.107804475421864
"IL-433","illinois,cook","IL",0.141042688798203
"IL-434","illinois,cook","IL",0.0855793912724606
"IL-435","illinois,dupage","IL",0.363527900146843
"IL-436","illinois,cook","IL",0.192644563672215
"IL-437","illinois,dupage","IL",0.374988535265523
"IL-438","illinois,mchenry","IL",0.677459298326072
"IL-439","illinois,dupage","IL",0.194727189362678
"IL-44","illinois,dupage","IL",0.31105504587156
"IL-440","illinois,dupage","IL",0.257851542799505
"IL-441","illinois,dupage","IL",0.232430202173016
"IL-444","illinois,union","IL",0.132770951769668
"IL-445","illinois,williamson","IL",0.340439187640398
"IL-446","illinois,johnson","IL",0.495300536426574
"IL-448","illinois,williamson","IL",0.209978447287568
"IL-449","illinois,williamson","IL",0.314932832057219
"IL-45","illinois,lake","IL",0.363369560232953
"IL-450","illinois,williamson","IL",0.25788556757748
"IL-451","illinois,pope","IL",0.443736243580337
"IL-453","illinois,cook","IL",0.0191663991929937
"IL-454","illinois,dupage","IL",0.160559504700757
"IL-455","illinois,dupage","IL",0.170474355445454
"IL-456","illinois,dupage","IL",0.178170144462279
"IL-457","illinois,dupage","IL",0.167339079405832
"IL-458","illinois,dupage","IL",0.163204475627092
"IL-459","illinois,dupage","IL",0.205217550777131
"IL-46","illinois,cook","IL",0.169623618942832
"IL-460","illinois,dupage","IL",0.259797405692808
"IL-461","illinois,dupage","IL",0.370259984410106
"IL-462","illinois,dupage","IL",0.374587307410125
"IL-463","illinois,dupage","IL",0.144848457059012
"IL-464","illinois,cook","IL",0.128158099867027
"IL-465","illinois,will","IL",0.116649089825301
"IL-467","illinois,will","IL",0.48330122029544
"IL-468","illinois,will","IL",0.197569364824582
"IL-47","illinois,cook","IL",0.275499908273711
"IL-470","indiana,porter","IL",0.488424334112685
"IL-471","illinois,kane","IL",0.505272810637322
"IL-473","illinois,peoria","IL",0.360810562992848
"IL-474","illinois,peoria","IL",0.370828749541621
"IL-475","illinois,williamson","IL",0.279163609684519
"IL-476","illinois,lake","IL",0.565974609285485
"IL-477","illinois,dupage","IL",0.250905589435554
"IL-478","illinois,cook","IL",0.0723002110285347
"IL-479","illinois,st. clair","IL",0.630753713552173
"IL-48","illinois,dupage","IL",0.280825688073395
"IL-480","illinois,dupage","IL",0.12842143872358
"IL-481","illinois,will","IL",0.301320858558063
"IL-482","illinois,williamson","IL",0.158075758965422
"IL-485","illinois,kane","IL",0.515164028446891
"IL-487","illinois,will","IL",0.20740095377843
"IL-489","illinois,cook","IL",0.187637564196625
"IL-49","illinois,lake","IL",0.296804071713513
"IL-492","illinois,kane","IL",0.481632653061224
"IL-493","illinois,cook","IL",0.0574206567602275
"IL-494","illinois,kane","IL",0.62997432605905
"IL-495","illinois,cook","IL",0.278850121498326
"IL-497","illinois,franklin","IL",0.205914718019257
"IL-498","illinois,franklin","IL",0.357038055937643
"IL-499","illinois,pulaski","IL",0.677760968229955
"IL-5","illinois,cook","IL",0.191843662553328
"IL-50","illinois,will","IL",0.201834441641825
"IL-500","illinois,lake","IL",0.207309244314013
"IL-501","illinois,johnson","IL",0.230342233232407
"IL-502","illinois,johnson","IL",0.278824554164948
"IL-504","illinois,cook","IL",0.0221171935942734
"IL-505","illinois,union","IL",0.291429620113782
"IL-507","illinois,cook","IL",0.112980879453437
"IL-509","illinois,lake","IL",0.405355832721937
"IL-51","illinois,cook","IL",0.0529959198643011
"IL-510","illinois,williamson","IL",0.0962331591971405
"IL-512","illinois,franklin","IL",0.430379166475632
"IL-515","illinois,jackson","IL",0.367370353373107
"IL-517","illinois,dekalb","IL",0.932550781787336
"IL-518","illinois,lake","IL",0.418130129762942
"IL-519","illinois,williamson","IL",0.307762850199459
"IL-52","illinois,cook","IL",0.0195943465491924
"IL-520","illinois,cook","IL",0.170023397715282
"IL-521","illinois,mchenry","IL",0.388379345134367
"IL-522","illinois,cook","IL",0.121050942271539
"IL-523","illinois,williamson","IL",0.373865199449794
"IL-524","illinois,dupage","IL",0.30261770503828
"IL-528","illinois,cook","IL",0.029048689826075
"IL-53","illinois,lake","IL",0.381190388848129
"IL-530","illinois,will","IL",0.657066862331468
"IL-533","illinois,johnson","IL",0.147867950481431
"IL-537","illinois,johnson","IL",0.167331590773605
"IL-538","illinois,jackson","IL",0.315169028943626
"IL-539","illinois,cook","IL",0.0541842539915581
"IL-54","illinois,lake","IL",0.341373933779694
"IL-541","illinois,jackson","IL",0.427896739878032
"IL-542","illinois,lake","IL",0.318400660277867
"IL-543","illinois,jackson","IL",0.427248131333975
"IL-544","illinois,cook","IL",0.109638664710198
"IL-546","illinois,cook","IL",0.195151015170264
"IL-547","illinois,cook","IL",0.114007710666422
"IL-548","illinois,dekalb","IL",0.864099037138927
"IL-55","illinois,lake","IL",0.393138873601174
"IL-550","illinois,lake","IL",0.480328319882612
"IL-551","illinois,lake","IL",0.3701173665872
"IL-553","illinois,cook","IL",0.189475615910446
"IL-554","illinois,perry","IL",0.366141010360319
"IL-557","illinois,lake","IL",0.436121934448774
"IL-56","indiana,porter","IL",0.161049204383913
"IL-560","illinois,dupage","IL",0.166215782475125
"IL-561","illinois,cook","IL",0.255778756191525
"IL-562","illinois,lake","IL",0.56205584338178
"IL-564","illinois,cook","IL",0.145236020000917
"IL-566","illinois,dupage","IL",0.201174743024963
"IL-567","illinois,cook","IL",0.324130973126662
"IL-568","illinois,will","IL",0.629665291150848
"IL-57","indiana,porter","IL",0.113358096024212
"IL-570","illinois,cook","IL",0.303301237964237
"IL-573","illinois,lee","IL",0.642673639783466
"IL-58","indiana,porter","IL",0.113790573995966
"IL-580","illinois,cook","IL",0.0686445341159208
"IL-582","illinois,dupage","IL",0.459743237047226
"IL-584","illinois,lake","IL",0.287778032561339
"IL-585","illinois,cook","IL",0.167683066623871
"IL-589","illinois,cook","IL",0.0971986612259869
"IL-59","indiana,lake","IL",0.167202129612631
"IL-590","illinois,cook","IL",0.141769830353049
"IL-592","illinois,lake","IL",0.387954347527158
"IL-595","illinois,union","IL",0.28818377733963
"IL-596","illinois,dupage","IL",0.57880497088091
"IL-597","illinois,cook","IL",0.00673971849066985
"IL-599","illinois,cook","IL",0.0549566493875866
"IL-6","illinois,mchenry","IL",0.554032368988125
"IL-60","illinois,cook","IL",0.0451065780426312
"IL-600","illinois,cook","IL",0.134746890632888
"IL-601","illinois,cook","IL",0.0122387238723872
"IL-605","illinois,lake","IL",0.31046186304637
"IL-606","illinois,cook","IL",0.275580434982105
"IL-608","illinois,will","IL",0.65259055479138
"IL-609","illinois,clinton","IL",0.150100861910875
"IL-61","illinois,will","IL",0.351734581497797
"IL-610","illinois,cook","IL",0.00898546738183652
"IL-611","illinois,cook","IL",0.00903462508598945
"IL-612","illinois,cook","IL",0.0822483036860444
"IL-62","illinois,mchenry","IL",0.273570182686129
"IL-63","illinois,will","IL",0.434373565855897
"IL-64","illinois,dupage","IL",0.133672673912047
"IL-65","illinois,lake","IL",0.349287122358227
"IL-66","illinois,dupage","IL",0.186835350201687
"IL-67","illinois,lake","IL",0.38261069052535
"IL-68","illinois,cook","IL",0.0509376002934299
"IL-69","illinois,lake","IL",0.329711141678129
"IL-7","illinois,will","IL",0.390600641907382
"IL-70","illinois,lake","IL",0.293538038496792
"IL-71","illinois,will","IL",0.349532367504126
"IL-72","illinois,will","IL",0.644357798165138
"IL-73","illinois,will","IL",0.700444770507589
"IL-74","illinois,will","IL",0.633762780248498
"IL-75","illinois,will","IL",0.349532367504126
"IL-76","illinois,will","IL",0.349532367504126
"IL-77","illinois,will","IL",0.349532367504126
"IL-78","illinois,will","IL",0.349532367504126
"IL-79","illinois,will","IL",0.755986787778695
"IL-8","illinois,lake","IL",0.2241126295515
"IL-80","illinois,will","IL",0.637477064220183
"IL-81","indiana,porter","IL",0.218420328410238
"IL-82","illinois,cook","IL",0.0609353507565337
"IL-83","illinois,dupage","IL",0.205382111584835
"IL-84","illinois,dupage","IL",0.233269160249358
"IL-85","illinois,dupage","IL",0.233241632278771
"IL-86","illinois,dupage","IL",0.221009174311927
"IL-87","illinois,dupage","IL",0.206894970888919
"IL-88","illinois,lee","IL",0.614827380679474
"IL-89","illinois,ogle","IL",0.617141284908516
"IL-9","illinois,lake","IL",0.253955152015408
"IL-90","illinois,cook","IL",0.0839523154516277
"IL-91","illinois,cook","IL",0.0421675690557034
"IL-92","illinois,cook","IL",0.0241140604226837
"IL-93","illinois,cook","IL",0.320755582045757
"IL-94","illinois,cook","IL",0.340592334494773
"IL-95","illinois,cook","IL",0.134983952315452
"IL-96","illinois,lake","IL",0.311132516857025
"IL-97","illinois,dupage","IL",0.58550791102958
"IL-98","illinois,lake","IL",0.417549167927383
"IL-99","illinois,will","IL",0.209766162310867
"IA-1000","iowa,story","IA",0.799256505576208
"IA-1001","iowa,johnson","IA",0.486246103062534
"IA-1002","iowa,story","IA",0.657311872334571
"IA-1003","iowa,marion","IA",0.328305519897304
"IA-1004","iowa,polk","IA",0.831629143931404
"IA-1005","iowa,johnson","IA",0.203036836552135
"IA-1006","iowa,polk","IA",0.58614524115166
"IA-1007","iowa,louisa","IA",0.581633120902297
"IA-1008","iowa,shelby","IA",0.940448356484665
"IA-1009","iowa,cass","IA",0.965703805593764
"IA-1011","iowa,polk","IA",0.830872913992298
"IA-1013","iowa,polk","IA",0.446371226718048
"IA-1014","iowa,polk","IA",0.507473635946813
"IA-1015","iowa,polk","IA",0.456100132960433
"IA-1016","iowa,polk","IA",0.494011289064293
"IA-1017","iowa,linn","IA",0.77726313858571
"IA-1018","iowa,benton","IA",0.694347586713158
"IA-1020","iowa,story","IA",0.680029355105036
"IA-1022","iowa,polk","IA",0.54165711403549
"IA-1023","iowa,polk","IA",0.508023842274186
"IA-1024","iowa,bremer","IA",0.643152004403266
"IA-1025","iowa,polk","IA",0.847966622346522
"IA-1027","iowa,boone","IA",0.55675824427831
"IA-1028","iowa,benton","IA",0.978954607977992
"IA-1029","iowa,clayton","IA",0.884407121879589
"IA-1030","iowa,dubuque","IA",0.578025404686568
"IA-1031","iowa,dubuque","IA",0.415623710631275
"IA-1032","iowa,floyd","IA",0.871516318298497
"IA-1033","iowa,lyon","IA",0.921969558041445
"IA-1034","iowa,emmet","IA",0.898147298908557
"IA-1035","iowa,plymouth","IA",0.793388050804714
"IA-1037","iowa,pottawattamie","IA",0.964968590948691
"IA-1038","iowa,floyd","IA",0.784508850775016
"IA-1041","iowa,mills","IA",0.704819553354427
"IA-1042","iowa,webster","IA",0.371640832798312
"IA-1043","iowa,emmet","IA",0.814655172413793
"IA-1044","minnesota,blue earth","IA",0.580880330123796
"IA-1047","iowa,polk","IA",0.637494263423589
"IA-1048","iowa,polk","IA",0.379987159497386
"IA-1050","iowa,polk","IA",0.967487504012473
"IA-1051","iowa,des moines","IA",0.421765272869142
"IA-1052","iowa,bremer","IA",0.968138266171549
"IA-1053","iowa,polk","IA",0.402338376891334
"IA-860","iowa,story","IA",0.40343878954608
"IA-861","iowa,story","IA",0.337704617359806
"IA-862","iowa,story","IA",0.57750550660793
"IA-863","iowa,polk","IA",0.809170105456213
"IA-864","iowa,butler","IA",0.832683217842228
"IA-865","iowa,story","IA",0.230684579760649
"IA-866","iowa,hamilton","IA",0.571651304626955
"IA-867","iowa,hamilton","IA",0.781073770115997
"IA-868","iowa,dallas","IA",0.447705075886102
"IA-869","iowa,linn","IA",0.44449539181072
"IA-870","iowa,story","IA",0.845155669677656
"IA-871","iowa,story","IA",0.358774424364737
"IA-873","iowa,polk","IA",0.304872453661222
"IA-874","iowa,story","IA",0.637630662020906
"IA-875","iowa,story","IA",0.667828319882612
"IA-876","iowa,story","IA",0.759623766919018
"IA-877","iowa,dallas","IA",0.686685630390897
"IA-878","iowa,cedar","IA",0.70235693323551
"IA-879","iowa,story","IA",0.571389270976616
"IA-880","iowa,polk","IA",0.557192692554852
"IA-881","iowa,warren","IA",0.744701348747592
"IA-882","iowa,warren","IA",0.861348005502063
"IA-883","iowa,warren","IA",0.655627924043666
"IA-884","iowa,warren","IA",0.736697247706422
"IA-885","iowa,polk","IA",0.47513076993668
"IA-886","iowa,warren","IA",0.580631849236554
"IA-887","iowa,warren","IA",0.744837081229922
"IA-888","iowa,warren","IA",0.735362890284719
"IA-889","iowa,warren","IA",0.743889576741413
"IA-890","iowa,warren","IA",0.672137912062721
"IA-891","iowa,pocahontas","IA",0.912012838147639
"IA-892","iowa,dickinson","IA",0.41569220892374
"IA-893","iowa,pocahontas","IA",0.974279033515199
"IA-894","iowa,dallas","IA",0.888863417541607
"IA-895","iowa,story","IA",0.874598807886291
"IA-896","iowa,louisa","IA",0.731194132477653
"IA-897","iowa,boone","IA",0.46431681716093
"IA-898","iowa,story","IA",0.730532880858479
"IA-899","iowa,boone","IA",0.456430964071032
"IA-900","iowa,pocahontas","IA",0.839148975193727
"IA-901","iowa,warren","IA",0.775251020127459
"IA-902","iowa,polk","IA",0.643541657114035
"IA-903","iowa,polk","IA",0.890498899486427
"IA-904","iowa,jasper","IA",0.907823534806934
"IA-905","iowa,buena vista","IA",0.557002659818399
"IA-906","iowa,pottawattamie","IA",0.630312199147298
"IA-907","iowa,linn","IA",0.331667507221127
"IA-908","iowa,cherokee","IA",0.98495895813271
"IA-909","iowa,jones","IA",0.681276361635797
"IA-918","iowa,linn","IA",0.386187617432748
"IA-919","iowa,linn","IA",0.443873336392841
"IA-921","iowa,dubuque","IA",0.329680909591051
"IA-924","iowa,linn","IA",0.196659631091126
"IA-925","iowa,linn","IA",0.233791838606144
"IA-926","iowa,linn","IA",0.889357604658627
"IA-927","iowa,linn","IA",0.437872535534159
"IA-928","iowa,dubuque","IA",0.4508482347547
"IA-932","iowa,delaware","IA",0.719191270860077
"IA-936","iowa,story","IA",0.469641383105567
"IA-937","iowa,winneshiek","IA",0.821104283224801
"IA-938","iowa,polk","IA",0.383476227591582
"IA-939","iowa,webster","IA",0.718421656343198
"IA-940","iowa,johnson","IA",0.366425165077036
"IA-942","iowa,boone","IA",0.443654216756906
"IA-943","iowa,pocahontas","IA",0.970202622169249
"IA-945","iowa,story","IA",0.791018760607312
"IA-946","iowa,linn","IA",0.368541695319305
"IA-947","iowa,o'brien","IA",0.887018348623853
"IA-948","iowa,cherokee","IA",0.831117021276596
"IA-949","iowa,o'brien","IA",0.772606382978723
"IA-950","iowa,o'brien","IA",0.735464049889949
"IA-951","iowa,scott","IA",0.409274378497386
"IA-952","iowa,linn","IA",0.727030992114432
"IA-953","iowa,winneshiek","IA",0.434433745988079
"IA-955","iowa,dallas","IA",0.76796365972286
"IA-957","iowa,scott","IA",0.25332294435787
"IA-961","iowa,winneshiek","IA",0.759675348495965
"IA-962","iowa,scott","IA",0.322190122437749
"IA-963","iowa,howard","IA",0.771233441811431
"IA-966","iowa,linn","IA",0.538080608922922
"IA-967","iowa,linn","IA",0.466513866605547
"IA-968","iowa,jefferson","IA",0.50573447105239
"IA-970","iowa,clinton","IA",0.402356825163923
"IA-971","iowa,story","IA",0.718366037043829
"IA-972","iowa,allamakee","IA",0.783149107920928
"IA-974","iowa,story","IA",0.391930307198533
"IA-975","iowa,story","IA",0.747970835052965
"IA-976","iowa,linn","IA",0.510159152410219
"IA-977","iowa,story","IA",0.734781811514485
"IA-978","iowa,story","IA",0.834128659264018
"IA-979","iowa,jefferson","IA",0.558428460092605
"IA-980","iowa,clinton","IA",0.640234679378466
"IA-983","iowa,clinton","IA",0.373205522175847
"IA-984","iowa,linn","IA",0.71261521529784
"IA-986","iowa,johnson","IA",0.573479497293826
"IA-987","iowa,johnson","IA",0.270005044251846
"IA-988","iowa,johnson","IA",0.342914775592537
"IA-989","iowa,cass","IA",0.81085790270072
"IA-990","iowa,cass","IA",0.793874931230515
"IA-992","iowa,johnson","IA",0.518059571343338
"IA-993","iowa,johnson","IA",0.392731105916861
"IA-994","iowa,johnson","IA",0.374363911428964
"IA-995","iowa,johnson","IA",0.367554679260856
"IA-997","iowa,johnson","IA",0.697061385412369
"IA-998","iowa,johnson","IA",0.709021659324523
"IA-999","iowa,boone","IA",0.933461732471225
"MI-613","michigan,kalamazoo","MI",0.297574840691331
"MI-614","michigan,kalamazoo","MI",0.298807886290692
"MI-615","michigan,kalamazoo","MI",0.232119933981295
"MI-616","michigan,kalamazoo","MI",0.286769767335138
"MI-617","michigan,kalamazoo","MI",0.46179600073381
"MI-618","michigan,kalamazoo","MI",0.0559963311167163
"MI-619","michigan,kalamazoo","MI",0.454303663961113
"MI-620","michigan,oakland","MI",0.298298711422938
"MI-621","michigan,washtenaw","MI",0.357273978889399
"MI-622","michigan,oakland","MI",0.277905163716408
"MI-623","michigan,oakland","MI",0.343145346171481
"MI-624","michigan,van buren","MI",0.442589875275128
"MI-625","michigan,kalamazoo","MI",0.388341053983397
"MI-626","michigan,kalamazoo","MI",0.288819590938274
"MI-627","michigan,kalamazoo","MI",0.224836061815014
"MI-628","michigan,kalamazoo","MI",0.474801669188793
"MI-629","michigan,kalamazoo","MI",0.431297009722987
"MI-630","michigan,kalamazoo","MI",0.502246675836772
"MI-631","michigan,kalamazoo","MI",0.337584877959259
"MI-632","michigan,clinton","MI",0.612456430012842
"MI-633","michigan,oakland","MI",0.348745470391266
"MI-634","michigan,kalamazoo","MI",0.463773429265387
"MI-635","michigan,kent","MI",0.571769128501352
"MI-636","michigan,kalamazoo","MI",0.319669876203576
"MI-637","michigan,barry","MI",0.50820724438331
"MI-638","michigan,oakland","MI",0.295145096960528
"MI-639","michigan,kalamazoo","MI",0.433811729102664
"MI-640","michigan,kalamazoo","MI",0.431794213398138
"MI-641","michigan,kalamazoo","MI",0.488879717521897
"MI-642","michigan,genesee","MI",0.36205631477575
"MI-643","michigan,calhoun","MI",0.486741902926874
"MI-645","michigan,kent","MI",0.288609684519442
"MI-648","michigan,kent","MI",0.155514790185737
"MI-649","michigan,van buren","MI",0.452869979827618
"MI-650","michigan,kalamazoo","MI",0.385419532324622
"MI-651","michigan,jackson","MI",0.273719447883707
"MI-652","michigan,kent","MI",0.15615257656336
"MI-653","michigan,kalamazoo","MI",0.255433287482806
"MI-654","michigan,genesee","MI",0.488606666361011
"MI-655","michigan,allegan","MI",0.412792297111417
"MI-657","michigan,kalamazoo","MI",0.188915375446961
"MI-658","michigan,kalamazoo","MI",0.274277854195323
"MI-659","michigan,kalamazoo","MI",0.314121962402568
"MI-660","michigan,kalamazoo","MI",0.166353426541371
"MI-662","michigan,kalamazoo","MI",0.32523158763643
"MI-663","michigan,hillsdale","MI",0.477672840638181
"MI-664","michigan,jackson","MI",0.456350298028427
"MI-665","michigan,kalamazoo","MI",0.286631212176783
"MI-666","michigan,van buren","MI",0.385229357798165
"MI-667","michigan,kalamazoo","MI",0.335809943129701
"MI-668","michigan,kent","MI",0.152996194580716
"MI-669","michigan,newaygo","MI",0.389752763634696
"MI-670","michigan,washtenaw","MI",0.272281313038694
"MI-671","michigan,washtenaw","MI",0.407971380085309
"MI-672","michigan,calhoun","MI",0.500986012382481
"MI-673","michigan,kalamazoo","MI",0.35467009032968
"MI-674","michigan,calhoun","MI",0.204934195441831
"MI-675","michigan,calhoun","MI",0.482578397212544
"MI-676","michigan,calhoun","MI",0.46457884359668
"MI-677","michigan,antrim","MI",0.172810637322329
"MI-678","michigan,washtenaw","MI",0.432948082920565
"MI-679","michigan,calhoun","MI",0.395762634137393
"MI-680","michigan,washtenaw","MI",0.291532886891111
"MI-682","michigan,washtenaw","MI",0.328151510982712
"MI-683","michigan,grand traverse","MI",0.35352422907489
"MI-685","michigan,kent","MI",0.187777930591849
"MI-686","michigan,kent","MI",0.226858007427445
"MI-688","michigan,keweenaw","MI",0.021593618191821
"MI-689","michigan,kent","MI",0.107300073367572
"MI-690","michigan,kent","MI",0.0844947735191638
"MI-691","michigan,grand traverse","MI",0.319361643584335
"MI-692","michigan,antrim","MI",0.251020314577888
"MI-693","michigan,st. clair","MI",0.0229252636405319
"MI-694","michigan,keweenaw","MI",0.024304122529463
"MI-697","michigan,houghton","MI",0.0274186153140761
"MI-698","michigan,houghton","MI",0.156420483198093
"MI-699","indiana,lagrange","MI",0.615571553028566
"MI-700","indiana,lagrange","MI",0.633056562227625
"MI-701","indiana,lagrange","MI",0.641550941839681
"MI-702","michigan,grand traverse","MI",0.232680757415983
"MI-703","michigan,oakland","MI",0.35148764498235
"MI-704","michigan,keweenaw","MI",0.0761965890335595
"MI-705","michigan,houghton","MI",0.256362052363703
"MI-711","michigan,van buren","MI",0.445850527281064
"MI-712","michigan,washtenaw","MI",0.287436955524989
"MI-713","michigan,washtenaw","MI",0.349649066470939
"MI-714","michigan,washtenaw","MI",0.28151510982712
"MI-715","michigan,washtenaw","MI",0.28645427458171
"MI-717","michigan,washtenaw","MI",0.252235315695355
"MI-718","michigan,van buren","MI",0.303791077657426
"MI-719","michigan,st. clair","MI",0.507548988114359
"MI-721","michigan,antrim","MI",0.302275438113588
"MI-722","indiana,lagrange","MI",0.616862277645333
"MI-723","michigan,st. clair","MI",0.409645181993215
"MI-724","michigan,washtenaw","MI",0.325058505024549
"MI-725","indiana,steuben","MI",0.534708849151765
"MI-727","michigan,st. clair","MI",0.444322193187549
"MI-728","michigan,kalamazoo","MI",0.221829855537721
"MI-729","indiana,steuben","MI",0.196082029637106
"MI-730","michigan,st. clair","MI",0.515220979277462
"MI-731","michigan,st. clair","MI",0.422785855157547
"MI-732","indiana,noble","MI",0.612079244244703
"MI-733","indiana,steuben","MI",0.532948135919659
"MI-734","indiana,steuben","MI",0.358809774884233
"MI-735","indiana,allen","MI",0.581247134342045
"MI-736","michigan,st. clair","MI",0.187259395050412
"MI-737","indiana,whitley","MI",0.492755616689592
"MI-738","michigan,mecosta","MI",0.372982391782832
"MI-739","indiana,noble","MI",0.337231700605394
"MI-740","indiana,steuben","MI",0.189978453215972
"MI-741","indiana,whitley","MI",0.715890335595085
"MI-742","indiana,lagrange","MI",0.51513206162876
"MI-743","michigan,emmet","MI",0.117819783446504
"MI-744","michigan,washtenaw","MI",0.284725088274407
"MI-745","michigan,cheboygan","MI",0.296596954687213
"MI-746","indiana,dekalb","MI",0.498326379017837
"MI-748","indiana,noble","MI",0.421419402163946
"MI-749","michigan,van buren","MI",0.566015230755115
"MI-750","michigan,kalamazoo","MI",0.416487093668332
"MI-751","michigan,oakland","MI",0.443166193051609
"MI-752","michigan,kalamazoo","MI",0.230416437350945
"MI-754","indiana,steuben","MI",0.175693648245815
"MI-755","michigan,washtenaw","MI",0.283297418733666
"MI-756","michigan,washtenaw","MI",0.349287122358227
"MI-757","michigan,oakland","MI",0.282283933644945
"MI-758","indiana,elkhart","MI",0.549039387408868
"MI-760","michigan,kalamazoo","MI",0.256808803301238
"MI-761","michigan,barry","MI",0.539219731352863
"MI-762","indiana,noble","MI",0.627780070619526
"MI-763","indiana,steuben","MI",0.305956802861467
"MI-764","michigan,wayne","MI",0.0619383825417202
"MI-766","indiana,noble","MI",0.408611034609382
"MI-767","michigan,kalamazoo","MI",0.34713624065667
"MI-772","michigan,macomb","MI",0.362706891018294
"MI-773","michigan,calhoun","MI",0.522490714842496
"MI-774","michigan,calhoun","MI",0.552241545450374
"MI-775","michigan,calhoun","MI",0.520977578064102
"MI-776","michigan,calhoun","MI",0.487773546818369
"MI-777","michigan,gogebic","MI",0.204109714705073
"MI-778","michigan,oakland","MI",0.0709766162310867
"MI-779","michigan,ottawa","MI",0.549630581432702
"MI-780","michigan,antrim","MI",0.182051634796166
"MI-781","indiana,steuben","MI",0.168928833455613
"MI-782","indiana,steuben","MI",0.263814371532077
"MI-783","michigan,eaton","MI",0.769911504424779
"MI-784","michigan,st. clair","MI",0.181551439574546
"MI-785","michigan,st. clair","MI",0.190557034046068
"MI-786","michigan,grand traverse","MI",0.462261555392517
"MI-787","michigan,berrien","MI",0.628926491493557
"MI-788","indiana,allen","MI",0.484591396863249
"MI-790","michigan,st. clair","MI",0.233926442263597
"MI-791","indiana,steuben","MI",0.513501123183423
"MI-792","michigan,oakland","MI",0.236729825205303
"MI-793","michigan,kalamazoo","MI",0.312514340782892
"MI-794","indiana,steuben","MI",0.307575827100445
"MI-795","michigan,washtenaw","MI",0.274262377827743
"MI-797","michigan,st. clair","MI",0.0289303562422631
"MI-798","michigan,st. clair","MI",0.0312256407904993
"MI-799","indiana,allen","MI",0.499128680179767
"MI-801","michigan,st. clair","MI",0.405514520346837
"MI-802","michigan,berrien","MI",0.624094285976337
"MI-805","michigan,washtenaw","MI",0.253667705849991
"MI-806","michigan,washtenaw","MI",0.333363898950071
"MI-807","michigan,washtenaw","MI",0.319735997799982
"MI-808","michigan,washtenaw","MI",0.159613003805768
"MI-810","michigan,washtenaw","MI",0.19512866382276
"MI-811","michigan,washtenaw","MI",0.238826495530598
"MI-812","indiana,lagrange","MI",0.654077371391859
"MI-813","michigan,wayne","MI",0.255490852400385
"MI-815","indiana,allen","MI",0.459267409343052
"MI-816","michigan,st. clair","MI",0.165772704350617
"MI-817","michigan,st. clair","MI",0.273890315480558
"MI-818","michigan,kent","MI",0.293213417152297
"MI-819","michigan,oakland","MI",0.43036639611134
"MI-820","michigan,berrien","MI",0.421556941133321
"MI-821","michigan,st. clair","MI",0.196744612563044
"MI-822","michigan,lapeer","MI",0.378605163006098
"MI-823","michigan,washtenaw","MI",0.272794050133137
"MI-824","michigan,manistee","MI",0.291916922653707
"MI-825","michigan,manistee","MI",0.339568147435016
"MI-827","michigan,berrien","MI",0.246949821117329
"MI-829","michigan,berrien","MI",0.238411810554307
"MI-830","michigan,berrien","MI",0.613952208411686
"MI-831","michigan,berrien","MI",0.400164978690253
"MI-832","michigan,berrien","MI",0.601054562127464
"MI-833","michigan,berrien","MI",0.596808217921673
"MI-834","michigan,washtenaw","MI",0.205979457079971
"MI-835","michigan,oakland","MI",0.340272364620111
"MI-836","michigan,oakland","MI",0.382583574081717
"MI-837","michigan,oakland","MI",0.221335168616655
"MI-838","michigan,montcalm","MI",0.27841716722454
"MI-841","michigan,montcalm","MI",0.420801614234614
"MI-842","michigan,antrim","MI",0.170884915176525
"MI-843","michigan,van buren","MI",0.400971719301462
"MI-844","michigan,berrien","MI",0.224592796512962
"MI-845","michigan,berrien","MI",0.486028905712319
"MI-846","michigan,berrien","MI",0.336499632892805
"MI-847","indiana,allen","MI",0.513280425707601
"MI-848","michigan,kalamazoo","MI",0.312213460480469
"MI-849","indiana,allen","MI",0.476273440007336
"MI-850","indiana,noble","MI",0.537110897171411
"MI-851","michigan,st. clair","MI",0.188720770288858
"MI-852","michigan,st. clair","MI",0.616506189821183
"MI-853","michigan,branch","MI",0.440612675410438
"MI-855","indiana,steuben","MI",0.681949475035532
"MI-856","indiana,allen","MI",0.648586637298091
"MI-857","indiana,allen","MI",0.656655509193452
"MI-858","michigan,st. clair","MI",0.608968774359209
"MI-859","indiana,allen","MI",0.405712713768282
"OH-1","ohio,lorain","OH",0.681142804732642
"OH-10","ohio,erie","OH",0.0757554913559866
"OH-100","ohio,allen","OH",0.870846509922545
"OH-101","ohio,cuyahoga","OH",0.0493374295015819
"OH-103","ohio,ottawa","OH",0.173803410966441
"OH-104","ohio,lorain","OH",0.537414030261348
"OH-105","ohio,summit","OH",0.484569175035539
"OH-106","ohio,franklin","OH",0.191346991154498
"OH-107","ohio,lucas","OH",0.746160546463118
"OH-108","ohio,pickaway","OH",0.91024112954983
"OH-109","ohio,lucas","OH",0.252085816448153
"OH-11","ohio,lake","OH",0.285773233689423
"OH-110","ohio,stark","OH",0.528953280454816
"OH-111","ohio,erie","OH",0.448947778643804
"OH-112","ohio,champaign","OH",0.792372297948506
"OH-113","ohio,lake","OH",0.323936560322699
"OH-114","ohio,lake","OH",0.281783159053385
"OH-115","ohio,lake","OH",0.281783159053385
"OH-116","ohio,medina","OH",0.274565546334082
"OH-117","ohio,lucas","OH",0.240288033756822
"OH-118","ohio,geauga","OH",0.287116451864422
"OH-119","ohio,geauga","OH",0.362356717102247
"OH-12","ohio,summit","OH",0.232977211243065
"OH-120","ohio,geauga","OH",0.317025081388418
"OH-122","ohio,licking","OH",0.586690499106284
"OH-123","ohio,clermont","OH",0.294700165046763
"OH-124","ohio,hocking","OH",0.0630845406198423
"OH-125","ohio,summit","OH",0.128025302530253
"OH-126","ohio,summit","OH",0.172545062606063
"OH-127","ohio,allen","OH",0.490257209664848
"OH-128","ohio,allen","OH",0.584567420109119
"OH-129","ohio,hancock","OH",0.723389612772986
"OH-13","ohio,allen","OH",0.830887747615554
"OH-132","ohio,muskingum","OH",0.71251719394773
"OH-133","ohio,muskingum","OH",0.71251719394773
"OH-134","ohio,muskingum","OH",0.71251719394773
"OH-135","ohio,montgomery","OH",0.216731606692643
"OH-136","ohio,adams","OH",0.473896502727231
"OH-138","ohio,scioto","OH",0.0532300215487598
"OH-14","ohio,cuyahoga","OH",0.270347104406438
"OH-144","ohio,scioto","OH",0.164902149502727
"OH-146","ohio,adams","OH",0.205667904801211
"OH-148","ohio,franklin","OH",0.172176624329405
"OH-149","ohio,montgomery","OH",0.293154830131585
"OH-15","ohio,lake","OH",0.274899119589142
"OH-151","ohio,lucas","OH",0.217498968221213
"OH-154","ohio,medina","OH",0.439299468182652
"OH-155","ohio,miami","OH",0.7610530177949
"OH-156","west virginia,cabell","OH",0.143276328458117
"OH-157","ohio,greene","OH",0.395093993580926
"OH-158","ohio,clermont","OH",0.238422741861531
"OH-159","ohio,logan","OH",0.683373074101247
"OH-16","ohio,lake","OH",0.196679203742776
"OH-160","ohio,greene","OH",0.395093993580926
"OH-161","ohio,clark","OH",0.704223414499931
"OH-162","ohio,geauga","OH",0.236747982391783
"OH-164","ohio,wood","OH",0.798826334128003
"OH-166","ohio,wood","OH",0.950447350309704
"OH-167","ohio,wood","OH",0.904630903255387
"OH-168","ohio,wood","OH",0.292962657124507
"OH-169","ohio,ashtabula","OH",0.254599678825419
"OH-17","ohio,franklin","OH",0.622482220692819
"OH-170","ohio,champaign","OH",0.766125332599321
"OH-171","ohio,hocking","OH",0.127676156420483
"OH-172","ohio,darke","OH",0.558857247672766
"OH-173","ohio,lucas","OH",0.382170862567066
"OH-174","ohio,lucas","OH",0.492273123309029
"OH-175","ohio,wood","OH",0.775021778001926
"OH-176","ohio,lucas","OH",0.180746111136603
"OH-177","ohio,cuyahoga","OH",0.201137301660094
"OH-178","ohio,guernsey","OH",0.512202954399486
"OH-179","ohio,wood","OH",0.813222079589217
"OH-18","ohio,stark","OH",0.625464045098309
"OH-181","ohio,wood","OH",0.699665429213071
"OH-182","ohio,medina","OH",0.596158254252051
"OH-183","ohio,cuyahoga","OH",0.208841603228469
"OH-184","ohio,summit","OH",0.289309617676721
"OH-185","ohio,lake","OH",0.348464007336084
"OH-186","ohio,hamilton","OH",0.592718268525312
"OH-187","ohio,cuyahoga","OH",0.152308468204117
"OH-188","ohio,ottawa","OH",0.789729481889042
"OH-189","ohio,summit","OH",0.0793214121962403
"OH-19","ohio,hamilton","OH",0.25701577402788
"OH-190","ohio,lucas","OH",0.336405318661165
"OH-191","ohio,hancock","OH",0.82046340903877
"OH-192","ohio,hancock","OH",0.82046340903877
"OH-193","ohio,hancock","OH",0.82046340903877
"OH-194","ohio,sandusky","OH",0.882792445911258
"OH-195","ohio,wood","OH",0.809298913292677
"OH-2","ohio,cuyahoga","OH",0.284476037606054
"OH-21","ohio,allen","OH",0.837430065119692
"OH-22","ohio,erie","OH",0.491305345262675
"OH-23","ohio,erie","OH",0.569397954972718
"OH-24","ohio,erie","OH",0.621836023477623
"OH-25","ohio,erie","OH",0.439600238389951
"OH-26","ohio,lucas","OH",0.282465150403522
"OH-27","ohio,summit","OH",0.292127103489385
"OH-28","ohio,clermont","OH",0.285806007796377
"OH-29","ohio,cuyahoga","OH",0.308951664679446
"OH-3","ohio,summit","OH",0.213286873595892
"OH-30","ohio,lake","OH",0.252901509243543
"OH-31","ohio,lake","OH",0.290011923323856
"OH-32","ohio,cuyahoga","OH",0.233565600073347
"OH-34","ohio,greene","OH",0.637276478679505
"OH-35","ohio,franklin","OH",0.205355096052451
"OH-37","ohio,montgomery","OH",0.830184352930386
"OH-39","ohio,hocking","OH",0.161492961621349
"OH-4","ohio,lake","OH",0.252901509243543
"OH-40","ohio,hamilton","OH",0.309995414947272
"OH-42","ohio,licking","OH",0.441047034014853
"OH-43","ohio,hocking","OH",0.0609521188772702
"OH-45","ohio,defiance","OH",0.598055848502912
"OH-46","ohio,erie","OH",0.159605685465383
"OH-47","ohio,hamilton","OH",0.679596515359927
"OH-48","ohio,allen","OH",0.331209022970061
"OH-5","ohio,geauga","OH",0.248142713014767
"OH-50","ohio,cuyahoga","OH",0.172054844774614
"OH-51","ohio,greene","OH",0.506701551455063
"OH-52","ohio,delaware","OH",0.178461679585378
"OH-53","ohio,franklin","OH",0.221503897294819
"OH-54","ohio,pickaway","OH",0.644307918023016
"OH-55","ohio,montgomery","OH",0.391872678071825
"OH-56","ohio,licking","OH",0.661956970503234
"OH-57","ohio,ottawa","OH",0.747948471095218
"OH-58","ohio,stark","OH",0.266675835510934
"OH-59","ohio,cuyahoga","OH",0.122140204483976
"OH-6","ohio,cuyahoga","OH",0.353933614524115
"OH-60","ohio,hocking","OH",0.128879922974646
"OH-61","ohio,muskingum","OH",0.145876312290836
"OH-63","ohio,hocking","OH",0.0738328900302669
"OH-64","ohio,pickaway","OH",0.924720337428938
"OH-65","ohio,franklin","OH",0.636430373938977
"OH-66","ohio,portage","OH",0.612755219086947
"OH-67","ohio,lucas","OH",0.317921459011135
"OH-69","ohio,muskingum","OH",0.218772927366104
"OH-7","ohio,lake","OH",0.364644936505753
"OH-71","ohio,franklin","OH",0.123618689531845
"OH-73","ohio,hancock","OH",0.874312179016875
"OH-74","ohio,butler","OH",0.508459034432167
"OH-76","ohio,cuyahoga","OH",0.223572575097455
"OH-77","ohio,clermont","OH",0.142326732673267
"OH-78","ohio,clermont","OH",0.104011001604401
"OH-79","ohio,ottawa","OH",0.363123365600771
"OH-8","ohio,lake","OH",0.257588262265016
"OH-80","ohio,sandusky","OH",0.938522899188557
"OH-82","ohio,sandusky","OH",0.938522899188557
"OH-84","ohio,lucas","OH",0.309205097643715
"OH-85","ohio,clermont","OH",0.0508528980190756
"OH-86","ohio,medina","OH",0.535259055479138
"OH-87","ohio,cuyahoga","OH",0.0695253382251777
"OH-88","ohio,montgomery","OH",0.530882892804699
"OH-9","ohio,erie","OH",0.463548830811554
"OH-90","ohio,pickaway","OH",0.896322450476889
"OH-93","ohio,cuyahoga","OH",0.452285963222818
"OH-95","ohio,ottawa","OH",0.697909024211299
"OH-96","ohio,champaign","OH",0.688902142496674
"OH-97","ohio,franklin","OH",0.206153422898803
"OH-98","ohio,muskingum","OH",0.671756775347366
"OH-99","ohio,geauga","OH",0.336100917431193
